,,First Name,Last Name,E Mail,Phone No. ,Department,Job_Code,,,,,Job_Code,,,,
,,Shawna,Buck,shawna.buck@gmail.com,702-771-7149,Sales,TEC1,,,,,,,,,
,,Nathaniel,Burke,nathaniel.burke@walmart.com,231-765-6923,Tech Support,TEC3,,,,,,,,,
,,Elisabeth,Foster,elisabeth.foster@gmail.com,270-749-4774,Customer Support,TEC1,,,,,,,,,
,,Briana,Lancaster,briana.lancaster@yahoo.com,219-623-8216,Accounting,CLK,,,,,,,,,
,,Estella,Potter,estella.potter@gmail.com,907-677-8486,Admin,MAN,,,,,,,,,
,,Lamont,Woods,lamont.woods@hotmail.com,236-597-8196,Sales,MAN,,,,,,,,,
,,Melinda,Lopez,melinda.lopez@hotmail.com,210-396-1493,Accounting,CLK,,,,,,,,,
,,Shanna,Silva,shanna.silva@gmail.com,236-373-6712,Accounting,CLK,,,,,,,,,
,,Jasmine,Freeman,jasmine.freeman@gmail.com,423-796-1535,Accounting,SUP,,,,,,,,,
,,Madge,Sargent,madge.sargent@aol.com,217-910-0644,Sales,ENG,,,,,,,,,
,,Reid,Randolph,reid.randolph@gmail.com,209-996-8902,Sales,TEC2,,,,,,,,,
,,Antoine,Wiley,antoine.wiley@verizon.net,503-361-6334,Sales,TEC2,,,,,,,,,
,,Mathew,Hodge,mathew.hodge@hotmail.com,209-294-7430,Sales,ENG,,,,,,,,,
,,Bernardo,Austin,bernardo.austin@hotmail.com,319-716-4227,Sales,MAN,,,,,,,,,
,,Cole,Jensen,cole.jensen@aol.com,405-495-4201,Sales,TEC1,,,,,,,,,
,,Tonia,Burns,tonia.burns@gmail.com,209-631-5424,Sales,TEC1,,,,,,,,,
,,Tod,Holcomb,tod.holcomb@outlook.com,240-364-4220,Customer Support,MAN,,,,,,,,,
,,Yesenia,Guerrero,yesenia.guerrero@btinternet.com,240-505-5321,Customer Support,ENG,,,,,,,,,
,,Carey,Ferrell,carey.ferrell@yahoo.com,212-495-4523,Customer Support,ENG,,,,,,,,,
,,Aileen,Blanchard,aileen.blanchard@gmail.com,308-788-3843,Customer Support,ENG,,,,,,,,,
,,Marta,Cervantes,marta.cervantes@gmail.com,206-858-9176,Customer Support,CLK,,,,,,,,,
,,Arthur,Holloway,arthur.holloway@aol.com,225-832-0451,Customer Support,TEC3,,,,,,,,,
,,Tara,Forbes,tara.forbes@gmail.com,319-249-4281,Customer Support,TEC2,,,,,,,,,
,,Josef,Griffin,josef.griffin@yahoo.com,209-441-9130,Tech Support,MAN,,,,,,,,,
,,Keri,Slater,keri.slater@apple.com,207-842-2965,Tech Support,OPR,,,,,,,,,
,,Desmond,Wynn,desmond.wynn@hotmail.com,209-319-3405,Tech Support,OPR,,,,,,,,,
,,Adrienne,Puckett,adrienne.puckett@verizon.net,209-235-0390,Tech Support,OPR,,,,,,,,,
,,Beatriz,Knowles,beatriz.knowles@gmail.com,406-923-1326,Tech Support,SUP,,,,,,,,,
,,Jermaine,Sykes,jermaine.sykes@apple.com,239-204-8747,Tech Support,CLV,,,,,,,,,
,,Scott,Best,scott.best@cox.net,307-504-4165,Accounting,CLV,,,,,,,,,
,,Isabel,Espinoza,isabel.espinoza@gmail.com,405-622-8606,,,,,,,,,,,
,,Marcelino,Kinney,marcelino.kinney@gmail.com,479-929-0873,,,,,,,,,,,
,,Benjamin,Jennings,benjamin.jennings@gmail.com,907-621-7774,Human Resources,,,,,,,,,,
,,Marcia,Casey,marcia.casey@gmail.com,210-804-3397,Human Resources,,,,,,,,,,
,,Rudolph,Gordon,rudolph.gordon@aol.com,304-418-1131,Human Resources,,,,,,,,,,
,,Beverly,Rosales,beverly.rosales@yahoo.com,217-490-8205,,,,,,,,,,,
,,Marcus,Bolton,marcus.bolton@aol.com,212-514-2721,Tech Support,,,,,,,,,,
,,Priscilla,Mays,priscilla.mays@gmail.com,231-346-3176,Customer Support,,,,,,,,,,
,,Lynn,Pena,lynn.pena@yahoo.co.in,217-334-0502,Sales,,,,,,,,,,
,,Tessa,Pace,tessa.pace@aol.com,319-672-2590,Tech Support,,,,,,,,,,
,,Rufus,Guerra,rufus.guerra@rediffmail.com,212-472-1331,Accounting,,,,,,,,,,
,,Roman,Clark,roman.clark@aol.com,215-567-2136,Tech Support,,,,,,,,,,
,,Carmela,Jefferson,carmela.jefferson@walmart.com,239-941-5976,Human Resources,,,,,,,,,,
,,Thurman,Good,thurman.good@yahoo.com,217-874-3909,Tech Support,,,,,,,,,,
,,Lemuel,Guerrero,lemuel.guerrero@aol.com,215-226-4111,Customer Support,,,,,,,,,,
,,Clint,Bridges,clint.bridges@aol.com,217-331-1409,Human Resources,,,,,,,,,,
,,Karyn,Christian,karyn.christian@aol.com,206-731-9312,Tech Support,,,,,,,,,,
,,Lesa,Hughes,lesa.hughes@bp.com,219-822-4544,Accounting,,,,,,,,,,
,,Rich,Bates,rich.bates@apple.com,270-833-4069,Sales,,,,,,,,,,
,,Liz,Frank,liz.frank@hotmail.com,339-926-4628,Customer Support,,,,,,,,,,94m_
,,Kendra,Villarreal,kendra.villarreal@gmail.com,319-625-4770,Customer Support,,,,,,,,,,
,,Maryellen,Mcfadden,maryellen.mcfadden@hotmail.co.uk,479-467-9379,Customer Support,,,,,,,,,,
,,German,Carney,german.carney@aol.com,231-975-6713,Sales,,,,,,,,,,
,,Micheal,Shannon,micheal.shannon@earthlink.net,217-864-7925,Customer Support,,,,,,,,,,
,,Carlo,Albert,carlo.albert@gmail.com,212-267-9103,Accounting,,,,,,,,,,
,,Bianca,Langley,bianca.langley@gmail.com,228-683-5798,Sales,,,,,,,,,,
,,Elias,Cabrera,elias.cabrera@yahoo.com,215-258-0052,Sales,,,,,,,,,,
,,Alberta,Chapman,alberta.chapman@comcast.net,212-884-9934,Tech Support,,,,,,,,,,
,,Erin,Olsen,erin.olsen@yahoo.ca,215-325-1574,Tech Support,,,,,,,,,,
,,Frederic,Stephenson,frederic.stephenson@gmail.com,314-672-3681,Sales,,,,,,,,,,
,,Tanner,Caldwell,tanner.caldwell@aol.com,219-315-4592,Customer Support,,,,,,,,,,
,,Clarence,Powers,clarence.powers@gmail.com,229-748-1788,Customer Support,,,,,,,,,,
,,German,Sheppard,german.sheppard@gmail.com,252-794-3936,Sales,,,,,,,,,,
,,Dion,Duffy,dion.duffy@aol.com,201-358-5413,Human Resources,,,,,,,,,,
,,Cornelius,Townsend,cornelius.townsend@charter.net,314-501-3342,Admin,,,,,,,,,,
,,Patsy,Koch,patsy.koch@gmail.com,229-844-7119,Sales,,,,,,,,,,
,,Waldo,Shields,waldo.shields@aol.com,270-993-0450,Accounting,,,,,,,,,,
,,Damien,Rose,damien.rose@gmail.com,304-392-5876,Tech Support,,,,,,,,,,
,,Curt,Bridges,curt.bridges@microsoft.com,239-399-1809,Sales,,,,,,,,,,
,,Brenton,Matthews,brenton.matthews@bellsouth.net,216-585-2060,Tech Support,,,,,,,,,,
,,Miguel,Finley,miguel.finley@gmail.com,405-566-7872,Customer Support,,,,,,,,,,
,,Esperanza,Paul,esperanza.paul@aol.com,236-750-2453,Sales,,,,,,,,,,
,,Patricia,Briggs,patricia.briggs@yahoo.com,240-914-8001,Tech Support,,,,,,,,,,
,,Forrest,Noel,forrest.noel@hotmail.com,239-609-5243,Accounting,,,,,,,,,,
,,Marjorie,Wells,marjorie.wells@bp.com,316-282-5461,Tech Support,,,,,,,,,,
,,Vivian,Burnett,vivian.burnett@gmail.com,236-831-5026,Human Resources,,,,,,,,,,
,,Duncan,Chen,duncan.chen@yahoo.co.uk,239-879-2427,Tech Support,,,,,,,,,,
,,Miriam,Barrett,miriam.barrett@yahoo.ca,210-779-7802,Customer Support,,,,,,,,,,
,,Adam,Kirby,adam.kirby@yahoo.ca,208-736-4975,Human Resources,,,,,,,,,,
,,Benjamin,Macdonald,benjamin.macdonald@gmail.com,316-561-5979,Tech Support,,,,,,,,,,
,,Neil,Murray,neil.murray@apple.com,603-851-8092,Accounting,,,,,,,,,,
,,Nichole,Oneil,nichole.oneil@shaw.ca,209-683-3370,Sales,,,,,,,,,,
,,Jonathon,Pearson,jonathon.pearson@yahoo.com,240-746-0671,Customer Support,,,,,,,,,,
,,Brent,Bryant,brent.bryant@aol.com,423-391-0195,Customer Support,,,,,,,,,,
,,Carlene,Cain,carlene.cain@rediffmail.com,210-510-0508,Customer Support,,,,,,,,,,
,,Arnulfo,Pittman,arnulfo.pittman@yahoo.ca,215-333-8078,Sales,,,,,,,,,,
,,Nickolas,Williams,nickolas.williams@gmail.com,307-656-9306,Customer Support,,,,,,,,,,
,,Raymundo,Kramer,raymundo.kramer@aol.com,252-396-5055,Accounting,,,,,,,,,,
,,Jeremiah,Dotson,jeremiah.dotson@cox.net,216-364-7679,Sales,,,,,,,,,,
,,Tanner,Matthews,tanner.matthews@rediffmail.com,907-768-0562,Sales,,,,,,,,,,
,,Dorian,Foster,dorian.foster@gmail.com,304-937-0141,Tech Support,,,,,,,,,,
,,Nora,Hansen,nora.hansen@yahoo.co.uk,319-877-0443,Tech Support,,,,,,,,,,
,,Danial,Watts,danial.watts@hotmail.com,206-245-0115,Sales,,,,,,,,,,
,,Nelson,Mcintosh,nelson.mcintosh@bp.com,239-650-1951,Customer Support,,,,,,,,,,
,,Manuel,Fulton,manuel.fulton@gmail.com,339-281-4930,Customer Support,,,,,,,,,,
,,Dominic,Henson,dominic.henson@aol.com,314-758-8742,Sales,,,,,,,,,,
,,Lowell,Erickson,lowell.erickson@gmail.com,308-308-0823,Human Resources,,,,,,,,,,
,,Jayne,Coleman,jayne.coleman@yahoo.ca,236-667-5880,Admin,,,,,,,,,,
,,Cornell,Daniel,cornell.daniel@yahoo.com,212-208-7933,Sales,,,,,,,,,,
,,Doris,Glenn,doris.glenn@yahoo.co.uk,270-590-4835,Accounting,,,,,,,,,,
,,Tabatha,Gonzales,tabatha.gonzales@sbcglobal.net,215-935-5310,Tech Support,,,,,,,,,,
,,Jerome,Foreman,jerome.foreman@verizon.net,203-633-8482,Sales,,,,,,,,,,
,,Elton,Ferguson,elton.ferguson@ibm.com,217-662-5907,Tech Support,,,,,,,,,,
,,Stacy,Jennings,stacy.jennings@gmail.com,225-548-6104,Customer Support,,,,,,,,,,
,,Rory,Fowler,rory.fowler@shaw.ca,215-234-1586,Sales,,,,,,,,,,
,,Greg,Kane,greg.kane@bp.com,270-884-8389,Tech Support,,,,,,,,,,
,,Julian,Russo,julian.russo@gmail.com,207-313-8110,Accounting,,,,,,,,,,
,,Agnes,Herman,agnes.herman@gmail.com,303-834-2433,Tech Support,,,,,,,,,,
,,Nancy,Gillespie,nancy.gillespie@ibm.com,217-435-0157,Human Resources,,,,,,,,,,
,,Tyrone,Soto,tyrone.soto@yahoo.com,215-785-6734,Tech Support,,,,,,,,,,
,,Bradley,Chan,bradley.chan@hotmail.com,503-254-6301,Customer Support,,,,,,,,,,
,,Emile,Love,emile.love@gmail.com,236-371-6203,Human Resources,,,,,,,,,,
,,Zachary,Gregory,zachary.gregory@cox.net,907-896-4031,Tech Support,,,,,,,,,,
,,Tara,Gutierrez,tara.gutierrez@aol.com,239-922-7150,Accounting,,,,,,,,,,
,,Aubrey,Pugh,aubrey.pugh@gmail.com,239-405-4736,Sales,,,,,,,,,,
,,Carroll,Sweeney,carroll.sweeney@walmart.com,218-412-2298,Customer Support,,,,,,,,,,
,,Claudette,Solomon,claudette.solomon@yahoo.com,308-298-8715,Customer Support,,,,,,,,,,
,,Ricky,Bowers,ricky.bowers@hotmail.com,205-610-5770,Customer Support,,,,,,,,,,
,,Brian,Fitzpatrick,brian.fitzpatrick@gmail.com,239-710-0174,Sales,,,,,,,,,,
,,Nicholas,Branch,nicholas.branch@gmail.com,209-630-8100,Customer Support,,,,,,,,,,
,,Eileen,Hobbs,eileen.hobbs@gmail.com,262-747-2220,Accounting,,,,,,,,,,
,,Colin,Wilson,colin.wilson@yahoo.com,210-884-1227,Sales,,,,,,,,,,
,,Rosario,Trevino,rosario.trevino@hotmail.co.uk,239-837-1872,Sales,,,,,,,,,,
,,Salvador,Gutierrez,salvador.gutierrez@hotmail.com,270-927-3494,Tech Support,,,,,,,,,,
,,Aldo,Medina,aldo.medina@gmail.com,701-676-5051,Tech Support,,,,,,,,,,
,,Bret,Blevins,bret.blevins@gmail.com,231-210-4653,Sales,,,,,,,,,,
,,Dominic,Mosley,dominic.mosley@gmail.com,206-882-1588,Customer Support,,,,,,,,,,
,,Karina,Owens,karina.owens@gmail.com,605-328-0861,Customer Support,,,,,,,,,,
,,Marquis,Perkins,marquis.perkins@aol.com,212-941-0218,Sales,,,,,,,,,,
,,Damon,Solomon,damon.solomon@aol.com,218-273-9680,Human Resources,,,,,,,,,,
,,Leonel,Atkins,leonel.atkins@hotmail.com,304-862-3580,Admin,,,,,,,,,,
,,Teddy,Merritt,teddy.merritt@msn.com,215-283-5083,Sales,,,,,,,,,,
,,Alexandria,Long,alexandria.long@hotmail.com,217-924-3225,Accounting,,,,,,,,,,
,,Margaret,Reilly,margaret.reilly@yahoo.com,239-788-2444,Tech Support,,,,,,,,,,|
,,Willis,Rose,willis.rose@gmail.com,236-423-4606,Sales,,,,,,,,,,
,,Donovan,Bowman,donovan.bowman@hotmail.com,207-867-3545,Sales,,,,,,,,,,
,,Kristina,Mcgowan,kristina.mcgowan@gmail.com,209-530-2084,Tech Support,,,,,,,,,,
,,Garth,Clarke,garth.clarke@yahoo.com,270-393-1575,Customer Support,,,,,,,,,,
,,Martin,Buchanan,martin.buchanan@charter.net,205-434-3924,Accounting,,,,,,,,,,
,,Irwin,Jenkins,irwin.jenkins@aol.com,231-682-6128,Admin,,,,,,,,,,
,,Reynaldo,Sosa,reynaldo.sosa@gmail.com,212-493-7300,Sales,,,,,,,,,,
,,Sherri,Snyder,sherri.snyder@gmail.com,314-249-8205,Accounting,,,,,,,,,,
,,Johnny,Dunlap,johnny.dunlap@gmail.com,229-688-3291,Accounting,,,,,,,,,,
,,Earnest,Kirk,earnest.kirk@gmail.com,207-952-5215,Accounting,,,,,,,,,,
,,Bernardo,Mcdowell,bernardo.mcdowell@gmail.com,239-768-1883,Sales,,,,,,,,,,
,,Yvette,Warner,yvette.warner@yahoo.com,215-245-5970,,,,,,,,,,,
,,Robby,Jordan,robby.jordan@comcast.net,206-604-6965,Sales,,,,,,,,,,
,,Carolina,Coleman,carolina.coleman@aol.com,239-928-5690,Sales,,,,,,,,,,
,,Sonia,Cook,sonia.cook@gmail.com,236-937-1339,Sales,,,,,,,,,,
,,Larry,Tran,larry.tran@gmail.com,304-994-1002,Sales,,,,,,,,,,
,,Esmeralda,Grant,esmeralda.grant@yahoo.com,262-728-1705,Sales,,,,,,,,,,
,,Candy,Singleton,candy.singleton@hotmail.com,205-585-4936,Sales,,,,,,,,,,
,,Emma,Obrien,emma.obrien@gmail.com,262-707-3676,Customer Support,,,,,,,,,,
,,Scot,Beach,scot.beach@sbcglobal.net,319-334-1932,Customer Support,,,,,,,,,,
,,Rolland,Mendoza,rolland.mendoza@yahoo.com,228-727-6767,Customer Support,,,,,,,,,,
,,Tommie,Sanchez,tommie.sanchez@gmail.com,205-823-2834,Customer Support,,,,,,,,,,
,,Jessie,Cortez,jessie.cortez@exxonmobil.com,239-810-9402,Customer Support,,,,,,,,,,
,,Isiah,Guthrie,isiah.guthrie@bellsouth.net,385-228-9893,Customer Support,,,,,,,,,,
,,Janelle,Gill,janelle.gill@gmail.com,236-897-3910,Customer Support,,,,,,,,,,
,,Christoper,Haynes,christoper.haynes@yahoo.com,210-869-1768,Tech Support,,,,,,,,,,
,,Kathie,Kirby,kathie.kirby@sbcglobal.net,505-502-1526,Tech Support,,,,,,,,,,
,,Antonia,Kinney,antonia.kinney@gmail.com,239-363-8520,Tech Support,,,,,,,,,,
,,Ophelia,Wagner,ophelia.wagner@ibm.com,480-956-7391,Tech Support,,,,,,,,,,
,,Hallie,Cervantes,hallie.cervantes@aol.com,270-272-6620,Tech Support,,,,,,,,,,
,,Adriana,Mcfarland,adriana.mcfarland@outlook.com,308-264-5555,Tech Support,,,,,,,,,,
,,Jana,Weiss,jana.weiss@gmail.com,229-852-3944,Tech Support,,,,,,,,,,
,,Quentin,Benson,quentin.benson@gmail.com,262-949-3970,,,,,,,,,,,
,,Debra,Pena,debra.pena@ibm.com,215-707-4774,,,,,,,,,,,
,,Kenton,Moreno,kenton.moreno@shell.com,217-404-9496,Human Resources,,,,,,,,,,
,,Ian,Alvarado,ian.alvarado@aol.com,205-934-4799,Human Resources,,,,,,,,,,
,,Jasper,Lucas,jasper.lucas@yahoo.co.in,316-544-2902,Human Resources,,,,,,,,,,
,,Brock,Roberts,brock.roberts@yahoo.co.in,304-276-6112,,,,,,,,,,,
,,Salvador,Deleon,salvador.deleon@hotmail.com,217-253-3858,Tech Support,,,,,,,,,,
,,Terence,Giles,terence.giles@yahoo.com,205-271-2216,Customer Support,,,,,,,,,,
,,Dario,Townsend,dario.townsend@yahoo.com,209-535-5945,Sales,,,,,,,,,,
,,Ester,Houston,ester.houston@ibm.com,215-803-3018,Tech Support,,,,,,,,,,
,,Leanne,Mcmahon,leanne.mcmahon@shaw.ca,207-567-1649,Accounting,,,,,,,,,,
,,Valentin,Montoya,valentin.montoya@aol.com,423-851-9829,Tech Support,,,,,,,,,,
,,Jared,Shepherd,jared.shepherd@ntlworld.com,212-443-7359,Human Resources,,,,,,,,,,
,,Jami,Cantrell,jami.cantrell@hotmail.com,217-840-0373,Tech Support,,,,,,,,,,
,,Bruno,Whitney,bruno.whitney@sbcglobal.net,205-929-8374,Customer Support,,,,,,,,,,
,,Garland,Watkins,garland.watkins@apple.com,210-488-3772,Human Resources,,,,,,,,,,
,,Augustus,Maldonado,augustus.maldonado@yahoo.com,231-510-3900,Tech Support,,,,,,,,,,
,,Luther,Mcneil,luther.mcneil@aol.com,217-960-5560,Accounting,,,,,,,,,,
,,Jimmy,Molina,jimmy.molina@gmail.com,228-944-2045,Sales,,,,,,,,,,
,,Morton,Franklin,morton.franklin@cox.net,302-718-2676,Customer Support,,,,,,,,,,
,,Andrew,Price,andrew.price@yahoo.co.uk,216-707-4827,Customer Support,,,,,,,,,,
,,Ava,Romero,ava.romero@aol.com,205-665-8463,Customer Support,,,,,,,,,,
,,Anastasia,Bowen,anastasia.bowen@gmail.com,240-646-3168,Sales,,,,,,,,,,
,,Sabrina,Fowler,sabrina.fowler@outlook.com,228-504-7673,Customer Support,,,,,,,,,,
,,Kirsten,Lee,kirsten.lee@hotmail.com,314-227-1897,Accounting,,,,,,,,,,
,,Tabatha,Arnold,tabatha.arnold@gmail.com,239-581-1465,Sales,,,,,,,,,,
,,Gregg,Mann,gregg.mann@verizon.net,339-989-4749,Sales,,,,,,,,,,
,,Deanne,Mccarty,deanne.mccarty@charter.net,319-336-2399,Tech Support,,,,,,,,,,
,,Juanita,Zimmerman,juanita.zimmerman@hotmail.com,907-789-9367,Tech Support,,,,,,,,,,
,,Doug,Small,doug.small@hotmail.com,236-456-9446,Sales,,,,,,,,,,
,,Billy,Mcdowell,billy.mcdowell@gmail.com,270-556-2299,Customer Support,,,,,,,,,,
,,Boyd,Valencia,boyd.valencia@gmail.com,209-925-2984,Customer Support,,,,,,,,,,
,,Roberto,Caldwell,roberto.caldwell@gmail.com,217-438-3997,Sales,,,,,,,,,,
,,Kris,Conner,kris.conner@gmail.com,203-368-9792,Human Resources,,,,,,,,,,
,,Leann,Ortiz,leann.ortiz@gmail.com,215-754-3823,Admin,,,,,,,,,,
,,Joaquin,Bentley,joaquin.bentley@gmail.com,236-809-8062,Sales,,,,,,,,,,
,,Leanne,Potter,leanne.potter@exxonmobil.com,907-743-5043,Accounting,,,,,,,,,,
,,Jay,Sanders,jay.sanders@gmail.com,339-616-2386,Tech Support,,,,,,,,,,
,,Luz,Brown,luz.brown@msn.com,803-614-9830,Sales,,,,,,,,,,
,,Dudley,Preston,dudley.preston@gmail.com,236-552-8765,Tech Support,,,,,,,,,,
,,Monroe,Beach,monroe.beach@bp.com,225-797-4264,Customer Support,,,,,,,,,,
,,Dina,Jones,dina.jones@aol.com,218-825-9608,Sales,,,,,,,,,,
,,Christian,Morrison,christian.morrison@yahoo.co.in,212-393-3329,Tech Support,,,,,,,,,,
,,Lucile,Fleming,lucile.fleming@hotmail.co.uk,802-541-8727,Accounting,,,,,,,,,,
,,Luciano,Ray,luciano.ray@btinternet.com,479-621-5916,Tech Support,,,,,,,,,,
,,Ahmad,Poole,ahmad.poole@gmail.com,219-947-6343,Human Resources,,,,,,,,,,
,,Janna,Hopkins,janna.hopkins@aol.com,212-272-9825,Tech Support,,,,,,,,,,
,,Kendrick,Miles,kendrick.miles@ibm.com,603-789-4081,Customer Support,,,,,,,,,,
,,Demetrius,Ruiz,demetrius.ruiz@gmail.com,236-957-6759,Human Resources,,,,,,,,,,
,,Ken,Winters,ken.winters@rediffmail.com,314-956-9973,Tech Support,,,,,,,,,,
,,Earl,Gilbert,earl.gilbert@bp.com,212-758-7329,Accounting,,,,,,,,,,
,,Taylor,Barlow,taylor.barlow@aol.com,405-534-3458,Sales,,,,,,,,,,
,,Clarissa,Lawson,clarissa.lawson@hotmail.com,319-776-6050,Customer Support,,,,,,,,,,
,,Lewis,Fuller,lewis.fuller@comcast.net,270-353-0382,Customer Support,,,,,,,,,,
,,Claudine,Black,claudine.black@gmail.com,215-283-6346,Customer Support,,,,,,,,,,
,,Mitzi,Lynch,mitzi.lynch@aol.com,212-439-7992,Sales,,,,,,,,,,
,,Michel,Finch,michel.finch@gmail.com,239-671-5547,Customer Support,,,,,,,,,,
,,Janie,Velasquez,janie.velasquez@gmail.com,215-463-9949,Accounting,,,,,,,,,,
,,Sophie,Bass,sophie.bass@hotmail.com,231-403-9886,Sales,,,,,,,,,,
,,Bette,Kane,bette.kane@gmail.com,215-892-1317,Sales,,,,,,,,,,
,,Dena,Blake,dena.blake@hotmail.com,406-262-9506,Tech Support,,,,,,,,,,
,,Dante,Farmer,dante.farmer@aol.com,701-937-3562,Tech Support,,,,,,,,,,
,,Angelina,Lynn,angelina.lynn@rediffmail.com,308-901-3456,Sales,,,,,,,,,,
,,Shannon,Snow,shannon.snow@yahoo.com,252-905-9562,Customer Support,,,,,,,,,,
,,Ron,Glenn,ron.glenn@gmail.com,216-693-4688,Customer Support,,,,,,,,,,
,,Kerry,Pitts,kerry.pitts@aol.com,405-549-8600,Sales,,,,,,,,,,
,,Dominick,Robbins,dominick.robbins@hotmail.com,262-482-5063,Human Resources,,,,,,,,,,
,,Emory,Spence,emory.spence@yahoo.com,603-917-1365,Admin,,,,,,,,,,
,,Lana,Spence,lana.spence@aol.com,803-932-0349,Sales,,,,,,,,,,
,,Jeremy,English,jeremy.english@gmail.com,210-801-4949,Accounting,,,,,,,,,,
,,Dudley,Melton,dudley.melton@aol.com,201-678-5216,Tech Support,,,,,,,,,,
,,Frances,Stafford,frances.stafford@ntlworld.com,252-491-7854,Sales,,,,,,,,,,
,,Percy,Hunt,percy.hunt@btinternet.com,210-274-8246,Tech Support,,,,,,,,,,
,,Alfredo,Vasquez,alfredo.vasquez@bp.com,803-918-4988,Customer Support,,,,,,,,,,
,,Joanna,Perkins,joanna.perkins@aol.com,319-846-6922,Sales,,,,,,,,,,
,,Susanna,Huff,susanna.huff@hotmail.com,215-713-2665,Tech Support,,,,,,,,,,
,,Ola,Thompson,ola.thompson@yahoo.com,307-538-2638,Accounting,,,,,,,,,,
,,Louella,Wolfe,louella.wolfe@charter.net,480-650-3603,Tech Support,,,,,,,,,,
,,Deirdre,Travis,deirdre.travis@hotmail.com,219-467-5690,Human Resources,,,,,,,,,,
,,Kristina,Ware,kristina.ware@gmail.com,209-998-1930,Tech Support,,,,,,,,,,
,,Stacy,Dixon,stacy.dixon@aol.com,217-469-0283,Customer Support,,,,,,,,,,
,,Frankie,Clark,frankie.clark@apple.com,319-773-8175,Human Resources,,,,,,,,,,
,,Pauline,Gilbert,pauline.gilbert@yahoo.com,316-849-9526,Tech Support,,,,,,,,,,
,,Adolph,Skinner,adolph.skinner@gmail.com,252-584-4280,Accounting,,,,,,,,,,
,,Rosa,Camacho,rosa.camacho@gmail.com,262-735-0438,Sales,,,,,,,,,,
,,Craig,Marquez,craig.marquez@gmail.com,231-786-8588,Customer Support,,,,,,,,,,
,,Stanley,Lowe,stanley.lowe@gmail.com,304-323-8939,Customer Support,,,,,,,,,,
,,Morgan,Farrell,morgan.farrell@gmail.com,206-732-0851,Customer Support,,,,,,,,,,
,,Reba,Potts,reba.potts@microsoft.com,803-530-4861,Sales,,,,,,,,,,
,,Shana,Gould,shana.gould@gmail.com,252-316-7224,Customer Support,,,,,,,,,,
,,Adam,Bartlett,adam.bartlett@aol.com,205-745-6937,Accounting,,,,,,,,,,
,,Leann,Melendez,leann.melendez@gmail.com,236-331-5273,Sales,,,,,,,,,,
,,Floyd,Mills,floyd.mills@gmail.com,308-874-7810,Sales,,,,,,,,,,
,,Scott,Carrillo,scott.carrillo@sbcglobal.net,319-913-8966,Tech Support,,,,,,,,,,
,,Sterling,Hooper,sterling.hooper@hotmail.com,217-697-9027,Tech Support,,,,,,,,,,
,,Damon,Hunt,damon.hunt@gmail.com,304-994-3681,Sales,,,,,,,,,,
,,Mauricio,Potts,mauricio.potts@yahoo.com,339-660-2629,Customer Support,,,,,,,,,,
,,Ebony,Eaton,ebony.eaton@gmail.com,212-680-4445,Customer Support,,,,,,,,,,
,,Bobbie,Joyner,bobbie.joyner@gmail.com,385-473-3065,Sales,,,,,,,,,,
,,Jami,Velasquez,jami.velasquez@hotmail.com,218-557-1655,Human Resources,,,,,,,,,,
,,Aisha,Gentry,aisha.gentry@aol.com,212-970-9881,Admin,,,,,,,,,,
,,Moses,Reid,moses.reid@apple.com,239-593-3202,Sales,,,,,,,,,,
,,Monique,Deleon,monique.deleon@hotmail.com,216-250-6145,Accounting,,,,,,,,,,
,,Domingo,Gibbs,domingo.gibbs@hotmail.com,480-908-8095,Tech Support,,,,,,,,,,
,,Tammy,Vincent,tammy.vincent@aol.com,217-831-1569,Sales,,,,,,,,,,
,,Federico,Wilson,federico.wilson@yahoo.com,210-930-2999,Sales,,,,,,,,,,
,,Kory,Roth,kory.roth@bp.com,252-364-6018,Tech Support,,,,,,,,,,
,,Nichole,Lloyd,nichole.lloyd@shell.com,316-344-7236,Customer Support,,,,,,,,,,
,,Rodger,Chavez,rodger.chavez@outlook.com,209-881-4520,Accounting,,,,,,,,,,
,,Bruce,Carney,bruce.carney@hotmail.com,231-344-7782,Admin,,,,,,,,,,
,,Derick,Ferrell,derick.ferrell@yahoo.co.in,215-650-2255,Sales,,,,,,,,,,
,,Lorna,Henson,lorna.henson@outlook.com,215-781-4273,Accounting,,,,,,,,,,
,,Rico,Mayo,rico.mayo@gmail.com,216-519-9558,Accounting,,,,,,,,,,
,,Luann,Crane,luann.crane@gmail.com,212-213-3997,Accounting,,,,,,,,,,
,,Tara,Goodwin,tara.goodwin@shaw.ca,215-869-6924,Sales,,,,,,,,,,
,,Shaun,Evans,shaun.evans@gmail.com,314-659-6901,,,,,,,,,,,
,,Debbie,Velez,debbie.velez@aol.com,303-865-0002,Sales,,,,,,,,,,
,,May,Hodge,may.hodge@hotmail.com,314-442-0589,Sales,,,,,,,,,,
,,Adeline,Evans,adeline.evans@cox.net,217-205-4597,Sales,,,,,,,,,,
,,Guy,Gilbert,guy.gilbert@gmail.com,303-645-5316,Sales,,,,,,,,,,
,,Opal,Hansen,opal.hansen@hotmail.com,802-968-1672,Sales,,,,,,,,,,
,,Robbie,Oconnor,robbie.oconnor@bellsouth.net,228-458-9001,Sales,,,,,,,,,,
,,Ella,Craft,ella.craft@aol.com,215-668-2344,Customer Support,,,,,,,,,,
,,Derrick,Vaughn,derrick.vaughn@ibm.com,319-530-2214,Customer Support,,,,,,,,,,
,,Maura,Cherry,maura.cherry@earthlink.net,252-599-2888,Customer Support,,,,,,,,,,
,,Roderick,Vinson,roderick.vinson@hotmail.com,307-616-3182,Customer Support,,,,,,,,,,
,,Gwen,Gilliam,gwen.gilliam@aol.com,216-992-9734,Customer Support,,,,,,,,,,
,,Melanie,Zimmerman,melanie.zimmerman@aol.com,209-629-2789,Customer Support,,,,,,,,,,
,,Micah,Merritt,micah.merritt@rediffmail.com,209-857-4471,Customer Support,,,,,,,,,,
,,Buford,Hobbs,buford.hobbs@msn.com,479-893-9574,Tech Support,,,,,,,,,,
,,Kyle,Farmer,kyle.farmer@gmail.com,314-838-8839,Tech Support,,,,,,,,,,
,,Jocelyn,Rojas,jocelyn.rojas@earthlink.net,239-885-4736,Tech Support,,,,,,,,,,
,,Larry,Gray,larry.gray@outlook.com,210-262-9740,Tech Support,,,,,,,,,,
,,Wilbur,Bates,wilbur.bates@verizon.net,212-993-7125,Tech Support,,,,,,,,,,
,,Maxine,Moran,maxine.moran@gmail.com,212-589-4230,Tech Support,,,,,,,,,,
,,Kathleen,Middleton,kathleen.middleton@yahoo.com,270-462-8251,Tech Support,,,,,,,,,,
,,Norbert,Joyner,norbert.joyner@gmail.com,308-463-4519,,,,,,,,,,,
,,Chadwick,Walton,chadwick.walton@earthlink.net,215-345-7279,,,,,,,,,,,
,,Connie,Shaffer,connie.shaffer@walmart.com,239-957-2975,Human Resources,,,,,,,,,,
,,Bobbie,Singleton,bobbie.singleton@yahoo.com,212-653-6029,Human Resources,,,,,,,,,,
,,Lesley,Rollins,lesley.rollins@aol.com,209-231-7124,Human Resources,,,,,,,,,,
,,Victoria,Howe,victoria.howe@gmail.com,216-303-3981,,,,,,,,,,,
,,Marc,Nixon,marc.nixon@gmail.com,215-276-4646,Tech Support,,,,,,,,,,
,,Elias,Pena,elias.pena@hotmail.com,270-272-3267,Customer Support,,,,,,,,,,
,,Flossie,Mcpherson,flossie.mcpherson@gmail.com,208-965-8377,Sales,,,,,,,,,,
,,Lana,Hayes,lana.hayes@hotmail.com,316-644-3677,Tech Support,,,,,,,,,,
,,Nick,Wilcox,nick.wilcox@bellsouth.net,217-505-1313,Accounting,,,,,,,,,,
,,Nona,Buck,nona.buck@outlook.com,210-661-7658,Tech Support,,,,,,,,,,
,,Abdul,Barnett,abdul.barnett@hotmail.com,236-885-1600,Human Resources,,,,,,,,,,
,,Inez,Kane,inez.kane@ntlworld.com,209-572-5312,Tech Support,,,,,,,,,,
,,Raquel,Bray,raquel.bray@hotmail.co.uk,212-329-7544,Customer Support,,,,,,,,,,
,,Sean,Noble,sean.noble@cox.net,209-586-9398,Human Resources,,,,,,,,,,
,,Fred,Woodward,fred.woodward@hotmail.com,209-240-2610,Tech Support,,,,,,,,,,
,,Sylvester,Salas,sylvester.salas@outlook.com,239-817-0332,Accounting,,,,,,,,,,
,,Berta,Irwin,berta.irwin@gmail.com,212-758-0414,Sales,,,,,,,,,,
,,Noelle,Paul,noelle.paul@yahoo.com,605-838-1184,Customer Support,,,,,,,,,,
,,Chrystal,Swanson,chrystal.swanson@aol.com,215-902-9729,Customer Support,,,,,,,,,,
,,Reggie,Nolan,reggie.nolan@gmail.com,319-430-2681,Customer Support,,,,,,,,,,
,,Joanne,Melton,joanne.melton@verizon.net,216-426-9488,Sales,,,,,,,,,,
,,Bryon,Gardner,bryon.gardner@aol.com,209-532-8208,Customer Support,,,,,,,,,,
,,Noreen,Vincent,noreen.vincent@yahoo.com,270-268-3778,Accounting,,,,,,,,,,
,,Mathew,Duran,mathew.duran@aol.com,302-891-8805,Sales,,,,,,,,,,
,,Herminia,Morin,herminia.morin@yahoo.com,252-295-6841,Sales,,,,,,,,,,
,,Luke,Craft,luke.craft@apple.com,270-381-3548,Tech Support,,,,,,,,,,
,,Ronny,Long,ronny.long@microsoft.com,319-680-3248,Tech Support,,,,,,,,,,
,,Jeannine,Vaughn,jeannine.vaughn@aol.com,207-276-8057,Sales,,,,,,,,,,
,,Silvia,Huff,silvia.huff@gmail.com,210-570-5638,Customer Support,,,,,,,,,,
,,Margo,Hoffman,margo.hoffman@gmail.com,207-512-9091,Customer Support,,,,,,,,,,
,,Kimberly,Summers,kimberly.summers@msn.com,270-484-2113,Sales,,,,,,,,,,
,,Jodie,Mckinney,jodie.mckinney@bp.com,423-906-6653,Human Resources,,,,,,,,,,
,,Lorrie,Leblanc,lorrie.leblanc@gmail.com,209-971-3069,Admin,,,,,,,,,,
,,Miles,Giles,miles.giles@yahoo.com,219-201-2782,Sales,,,,,,,,,,
,,Jamar,Castaneda,jamar.castaneda@yahoo.com,302-432-3433,Accounting,,,,,,,,,,
,,Amber,Warner,amber.warner@hotmail.com,229-317-6542,Tech Support,,,,,,,,,,
,,Sterling,Patel,sterling.patel@aol.com,206-767-7661,Sales,,,,,,,,,,
,,Enid,Pearson,enid.pearson@cox.net,201-401-9033,Tech Support,,,,,,,,,,
,,Annmarie,Frye,annmarie.frye@charter.net,219-931-4746,Customer Support,,,,,,,,,,
,,Molly,Roach,molly.roach@gmail.com,262-674-8386,Sales,,,,,,,,,,
,,Rogelio,Poole,rogelio.poole@exxonmobil.com,405-479-3205,Tech Support,,,,,,,,,,
,,Mathew,Duke,mathew.duke@rediffmail.com,316-687-4762,Accounting,,,,,,,,,,
,,Lewis,Ayala,lewis.ayala@gmail.com,252-216-6091,Tech Support,,,,,,,,,,
,,Claudette,Walter,claudette.walter@outlook.com,212-366-5351,Human Resources,,,,,,,,,,
,,Tracie,Delaney,tracie.delaney@hotmail.com,239-752-5987,Tech Support,,,,,,,,,,
,,Eric,Mccullough,eric.mccullough@gmail.com,216-663-9379,Customer Support,,,,,,,,,,
,,Nestor,Carney,nestor.carney@gmail.com,314-545-0008,Human Resources,,,,,,,,,,
,,Mitzi,Mueller,mitzi.mueller@hotmail.com,302-207-3101,Tech Support,,,,,,,,,,
,,Lillian,Atkinson,lillian.atkinson@aol.com,209-957-4797,Accounting,,,,,,,,,,
,,Barry,Garner,barry.garner@gmail.com,479-955-4801,Sales,,,,,,,,,,
,,Coleen,Morris,coleen.morris@gmail.com,215-600-1535,Customer Support,,,,,,,,,,
,,Marci,Alvarado,marci.alvarado@gmail.com,803-237-9797,Customer Support,,,,,,,,,,
,,Monty,Lancaster,monty.lancaster@walmart.com,236-489-0926,Customer Support,,,,,,,,,,
,,Norris,Adams,norris.adams@yahoo.com,215-214-5440,Sales,,,,,,,,,,
,,Elvira,Byrd,elvira.byrd@gmail.com,270-690-8211,Customer Support,,,,,,,,,,
,,Keven,Logan,keven.logan@gmail.com,215-821-6108,Accounting,,,,,,,,,,
,,Rosendo,Rasmussen,rosendo.rasmussen@earthlink.net,209-570-8160,Sales,,,,,,,,,,
,,Carly,Leach,carly.leach@cox.net,231-419-8211,Sales,,,,,,,,,,
,,Colleen,Bray,colleen.bray@hotmail.com,239-748-0076,Tech Support,,,,,,,,,,
,,Ollie,William,ollie.william@verizon.net,210-447-5194,Tech Support,,,,,,,,,,
,,Hilario,Vang,hilario.vang@gmail.com,212-345-2791,Sales,,,,,,,,,,
,,Nadine,Blanchard,nadine.blanchard@exxonmobil.com,209-571-2529,Customer Support,,,,,,,,,,
,,Wm,Carroll,wm.carroll@gmail.com,212-333-9668,Customer Support,,,,,,,,,,
,,Minnie,Mckee,minnie.mckee@gmail.com,216-831-2721,Sales,,,,,,,,,,
,,Angela,Compton,angela.compton@gmail.com,802-785-3606,Human Resources,,,,,,,,,,
,,Lillian,Gill,lillian.gill@gmail.com,505-396-0307,Admin,,,,,,,,,,
,,Bob,Weiss,bob.weiss@hotmail.com,212-927-2029,Sales,,,,,,,,,,
,,Edwin,Perez,edwin.perez@gmail.com,262-268-3289,Accounting,,,,,,,,,,
,,Bernardo,Langley,bernardo.langley@hotmail.com,229-818-8713,Tech Support,,,,,,,,,,
,,William,Morrison,william.morrison@gmail.com,405-559-1017,Sales,,,,,,,,,,
,,Vance,Osborne,vance.osborne@shaw.ca,503-546-8875,Tech Support,,,,,,,,,,
,,Edmund,Salas,edmund.salas@aol.com,217-682-7457,Customer Support,,,,,,,,,,
,,Imogene,Sanders,imogene.sanders@yahoo.com,319-714-7958,Sales,,,,,,,,,,
,,Darin,Callahan,darin.callahan@gmail.com,406-263-9628,Tech Support,,,,,,,,,,
,,Loretta,Sawyer,loretta.sawyer@hotmail.com,270-277-4308,Accounting,,,,,,,,,,
,,Olive,Livingston,olive.livingston@charter.net,314-500-3453,Tech Support,,,,,,,,,,
,,Gino,Mcconnell,gino.mcconnell@aol.com,803-885-7673,Human Resources,,,,,,,,,,
,,Fred,Hayes,fred.hayes@yahoo.com,228-610-8759,Tech Support,,,,,,,,,,
,,Nelson,Wilkins,nelson.wilkins@earthlink.net,479-735-4213,Customer Support,,,,,,,,,,
,,Joyce,Hooper,joyce.hooper@hotmail.com,270-280-4283,Human Resources,,,,,,,,,,
,,Juliana,Rowland,juliana.rowland@aol.com,314-819-1491,Tech Support,,,,,,,,,,
,,Norris,Mack,norris.mack@yahoo.co.in,339-617-2666,Accounting,,,,,,,,,,
,,Tom,Frye,tom.frye@gmail.com,225-574-3475,Sales,,,,,,,,,,
,,Josephine,Pitts,josephine.pitts@hotmail.com,216-702-5455,Customer Support,,,,,,,,,,
,,Les,Brady,les.brady@gmail.com,206-830-5542,Customer Support,,,,,,,,,,
,,Jaime,Avery,jaime.avery@aol.com,701-430-8105,Customer Support,,,,,,,,,,
,,Marissa,Caldwell,marissa.caldwell@aol.com,229-266-9475,Sales,,,,,,,,,,
,,Lavern,Gardner,lavern.gardner@aol.com,219-973-4977,Customer Support,,,,,,,,,,
,,Evangeline,Mejia,evangeline.mejia@gmail.com,385-955-8462,Accounting,,,,,,,,,,
,,Brandy,Carr,brandy.carr@btinternet.com,701-618-4337,Sales,,,,,,,,,,
,,Molly,Manning,molly.manning@hotmail.com,316-214-2098,Sales,,,,,,,,,,
,,Gale,Perez,gale.perez@rediffmail.com,701-825-3358,Tech Support,,,,,,,,,,
,,Merlin,Yates,merlin.yates@yahoo.co.uk,215-757-1383,Tech Support,,,,,,,,,,
,,Nelson,Mooney,nelson.mooney@yahoo.com,314-674-3119,Sales,,,,,,,,,,
,,Jackson,Bass,jackson.bass@gmail.com,228-942-3725,Customer Support,,,,,,,,,,
,,Trisha,Mueller,trisha.mueller@bp.com,212-514-3604,Customer Support,,,,,,,,,,
,,Lilia,Collins,lilia.collins@yahoo.com,209-724-7936,Sales,,,,,,,,,,
,,Kimberly,Cantu,kimberly.cantu@yahoo.com,308-517-8706,Human Resources,,,,,,,,,,
,,Luciano,Jordan,luciano.jordan@aol.com,212-601-9238,Admin,,,,,,,,,,
,,Danny,Robbins,danny.robbins@hotmail.com,219-323-1225,Sales,,,,,,,,,,
,,Wilfredo,Richards,wilfredo.richards@gmail.com,218-269-4257,Accounting,,,,,,,,,,
,,Callie,Snider,callie.snider@yahoo.com,505-793-7860,Tech Support,,,,,,,,,,
,,Rachelle,Reed,rachelle.reed@yahoo.co.uk,210-267-6023,Sales,,,,,,,,,,
,,Bobbi,Olson,bobbi.olson@hotmail.com,319-758-4226,Sales,,,,,,,,,,
,,Kris,Richards,kris.richards@aol.com,314-830-8975,Tech Support,,,,,,,,,,
,,Marissa,Meyer,marissa.meyer@rediffmail.com,701-369-9836,Customer Support,,,,,,,,,,
,,Jamar,Reese,jamar.reese@hotmail.co.uk,405-738-3960,Accounting,,,,,,,,,,
,,Nelda,Webster,nelda.webster@gmail.com,229-950-3117,Admin,,,,,,,,,,
,,Carolina,Bruce,carolina.bruce@aol.com,201-569-3227,Sales,,,,,,,,,,
,,Terri,Phelps,terri.phelps@microsoft.com,231-941-6394,Accounting,,,,,,,,,,
,,Nestor,Rosales,nestor.rosales@aol.com,423-342-5433,Accounting,,,,,,,,,,
,,Adrian,Robles,adrian.robles@gmail.com,212-956-0905,Accounting,,,,,,,,,,
,,Kyle,Rios,kyle.rios@yahoo.co.uk,303-875-0643,Sales,,,,,,,,,,
,,Domingo,Wilkinson,domingo.wilkinson@outlook.com,262-227-1790,,,,,,,,,,,
,,Leonardo,Bird,leonardo.bird@bp.com,228-228-5325,Sales,,,,,,,,,,
,,Hubert,Zimmerman,hubert.zimmerman@gmail.com,270-258-3097,Sales,,,,,,,,,,
,,Kory,Frank,kory.frank@yahoo.co.in,205-760-7355,Sales,,,,,,,,,,
,,Tami,Hayes,tami.hayes@gmail.com,307-371-2781,Sales,,,,,,,,,,
,,Amanda,Carr,amanda.carr@gmail.com,210-872-1018,Sales,,,,,,,,,,
,,Stephen,Bauer,stephen.bauer@sbcglobal.net,201-262-7702,Sales,,,,,,,,,,
,,Johnie,Carney,johnie.carney@yahoo.com,236-562-1999,Customer Support,,,,,,,,,,
,,Rebekah,Hull,rebekah.hull@earthlink.net,303-243-8627,Customer Support,,,,,,,,,,
,,Kelly,Spence,kelly.spence@yahoo.co.uk,210-574-2395,Customer Support,,,,,,,,,,
,,Tracie,Estes,tracie.estes@hotmail.com,201-900-5228,Customer Support,,,,,,,,,,
,,Bennett,Le,bennett.le@gmail.com,252-545-5705,Customer Support,,,,,,,,,,
,,Vernon,Bass,vernon.bass@aol.com,215-737-1085,Customer Support,,,,,,,,,,
,,Theron,Sweet,theron.sweet@gmail.com,209-659-1839,Customer Support,,,,,,,,,,
,,Ernie,Holden,ernie.holden@yahoo.com,316-629-8682,Tech Support,,,,,,,,,,
,,Shawn,Rasmussen,shawn.rasmussen@gmail.com,218-496-2108,Tech Support,,,,,,,,,,
,,Enrique,Adams,enrique.adams@rediffmail.com,405-571-4413,Tech Support,,,,,,,,,,
,,Ernie,Aguilar,ernie.aguilar@aol.com,210-379-4233,Tech Support,,,,,,,,,,
,,Carolyn,Donaldson,carolyn.donaldson@gmail.com,231-530-3573,Tech Support,,,,,,,,,,
,,Margie,Deleon,margie.deleon@sbcglobal.net,262-328-7339,Tech Support,,,,,,,,,,
,,Keven,Collins,keven.collins@gmail.com,479-891-5368,Tech Support,,,,,,,,,,
,,Bruce,Colon,bruce.colon@microsoft.com,231-408-6959,,,,,,,,,,,
,,Kristen,Lott,kristen.lott@msn.com,229-410-7907,,,,,,,,,,,
,,Howard,Dodson,howard.dodson@gmail.com,225-278-0032,Human Resources,,,,,,,,,,
,,Merle,Britt,merle.britt@aol.com,218-565-3209,Human Resources,,,,,,,,,,
,,Hector,Bradley,hector.bradley@yahoo.com,215-446-9901,Human Resources,,,,,,,,,,
,,Darnell,Spencer,darnell.spencer@aol.com,212-201-2194,,,,,,,,,,,
,,Janelle,William,janelle.william@hotmail.com,907-713-8781,Tech Support,,,,,,,,,,
,,Eula,Atkinson,eula.atkinson@hotmail.com,270-896-2990,Customer Support,,,,,,,,,,
,,Theresa,Bender,theresa.bender@gmail.com,406-354-1359,Sales,,,,,,,,,,
,,Kimberley,Jacobson,kimberley.jacobson@gmail.com,314-694-4397,Tech Support,,,,,,,,,,
,,Angelita,Reyes,angelita.reyes@shaw.ca,231-348-5787,Accounting,,,,,,,,,,
,,Selma,Floyd,selma.floyd@hotmail.com,201-890-6290,Tech Support,,,,,,,,,,
,,Edna,Paul,edna.paul@yahoo.com,202-884-0157,Human Resources,,,,,,,,,,aKr8
,,Dewayne,Sheppard,dewayne.sheppard@gmail.com,314-751-4025,Tech Support,,,,,,,,,,
,,Gale,Rodriquez,gale.rodriquez@ibm.com,218-967-8338,Customer Support,,,,,,,,,,
,,Cora,Blackburn,cora.blackburn@gmail.com,303-881-1240,Human Resources,,,,,,,,,,
,,Annmarie,Roth,annmarie.roth@outlook.com,212-963-4986,Tech Support,,,,,,,,,,
,,Owen,Lopez,owen.lopez@hotmail.co.uk,314-473-4852,Accounting,,,,,,,,,,
,,Chrystal,Pittman,chrystal.pittman@gmail.com,212-255-0536,Sales,,,,,,,,,,
,,Thurman,Daniel,thurman.daniel@gmail.com,319-660-0064,Customer Support,,,,,,,,,,
,,Darnell,Hoffman,darnell.hoffman@rediffmail.com,406-889-6201,Customer Support,,,,,,,,,,
,,Raymundo,Sims,raymundo.sims@aol.com,218-865-5355,Customer Support,,,,,,,,,,
,,Frederick,Graham,frederick.graham@aol.com,262-925-8981,Sales,,,,,,,,,,
,,Natalie,Marshall,natalie.marshall@outlook.com,202-347-7490,Customer Support,,,,,,,,,,
,,Thad,Franklin,thad.franklin@charter.net,423-587-6653,Accounting,,,,,,,,,,
,,Belinda,Trujillo,belinda.trujillo@btinternet.com,319-756-6511,Sales,,,,,,,,,,
,,Rosanna,Chase,rosanna.chase@yahoo.com,406-613-2777,Sales,,,,,,,,,,
,,Wilda,Rios,wilda.rios@yahoo.com,207-782-0745,Tech Support,,,,,,,,,,
,,Alyssa,Marquez,alyssa.marquez@gmail.com,236-605-1693,Tech Support,,,,,,,,,,
,,Liz,Barry,liz.barry@gmail.com,209-903-1796,Sales,,,,,,,,,,
,,Mariano,Lloyd,mariano.lloyd@aol.com,304-979-3524,Customer Support,,,,,,,,,,
,,Forest,Moss,forest.moss@yahoo.com,701-635-9553,Customer Support,,,,,,,,,,
,,Gino,Sullivan,gino.sullivan@exxonmobil.com,236-716-9172,Sales,,,,,,,,,,
,,Jarred,Bernard,jarred.bernard@hotmail.com,205-585-7186,Human Resources,,,,,,,,,,
,,Preston,Floyd,preston.floyd@bellsouth.net,314-653-6714,Admin,,,,,,,,,,
,,Clinton,Farley,clinton.farley@sbcglobal.net,231-961-6736,Sales,,,,,,,,,,
,,Dana,Hill,dana.hill@gmail.com,907-394-7955,Accounting,,,,,,,,,,
,,Odell,Bryan,odell.bryan@yahoo.co.in,262-231-1161,Tech Support,,,,,,,,,,
,,Tameka,Atkinson,tameka.atkinson@hotmail.com,240-525-4695,Sales,,,,,,,,,,
,,Dominique,Moreno,dominique.moreno@aol.com,385-619-6792,Tech Support,,,,,,,,,,
,,Abraham,Mayo,abraham.mayo@ibm.com,270-635-8933,Customer Support,,,,,,,,,,
,,Augustus,Hines,augustus.hines@yahoo.com,206-591-3506,Sales,,,,,,,,,,
,,Rene,Burks,rene.burks@rediffmail.com,270-263-6464,Tech Support,,,,,,,,,,
,,Christian,Acevedo,christian.acevedo@outlook.com,216-560-2480,Accounting,,,,,,,,,,
,,Major,Lucas,major.lucas@gmail.com,803-342-2604,Tech Support,,,,,,,,,,
,,Frieda,Hebert,frieda.hebert@ntlworld.com,215-341-4420,Human Resources,,,,,,,,,,
,,Rachael,Newman,rachael.newman@gmail.com,205-630-4701,Tech Support,,,,,,,,,,
,,Bernadine,Joseph,bernadine.joseph@gmail.com,270-399-4566,Customer Support,,,,,,,,,,
,,Deanna,Mccoy,deanna.mccoy@yahoo.com,262-864-7136,Human Resources,,,,,,,,,,
,,Joseph,Tucker,joseph.tucker@bp.com,423-702-7689,Tech Support,,,,,,,,,,
,,Antwan,Richardson,antwan.richardson@hotmail.com,209-406-6320,Accounting,,,,,,,,,,
,,Harrison,Ortega,harrison.ortega@exxonmobil.com,314-369-3092,Sales,,,,,,,,,,
,,Dylan,Cantu,dylan.cantu@aol.com,202-492-5695,Customer Support,,,,,,,,,,
,,Winston,Hewitt,winston.hewitt@bp.com,225-919-9605,Customer Support,,,,,,,,,,
,,Serena,Marshall,serena.marshall@yahoo.com,240-890-0735,Customer Support,,,,,,,,,,
,,Maryann,Vance,maryann.vance@sbcglobal.net,228-827-0595,Sales,,,,,,,,,,
,,Roxie,Mckay,roxie.mckay@gmail.com,216-940-3945,Customer Support,,,,,,,,,,
,,Sonny,Morin,sonny.morin@gmail.com,216-364-8955,Accounting,,,,,,,,,,
,,Eduardo,Burnett,eduardo.burnett@gmail.com,262-498-0317,Sales,,,,,,,,,,
,,Marietta,Watson,marietta.watson@gmail.com,480-621-8088,Sales,,,,,,,,,,
,,Nettie,Preston,nettie.preston@gmail.com,216-500-1514,Tech Support,,,,,,,,,,
,,Sandy,Gillespie,sandy.gillespie@yahoo.com,231-470-6122,Tech Support,,,,,,,,,,
,,Christopher,Peters,christopher.peters@exxonmobil.com,316-381-2376,Sales,,,,,,,,,,
,,Felicia,Gilmore,felicia.gilmore@gmail.com,236-751-0200,Customer Support,,,,,,,,,,
,,Tyler,Mercado,tyler.mercado@gmail.com,228-846-6014,Customer Support,,,,,,,,,,
,,Arline,Campbell,arline.campbell@gmail.com,217-576-2262,Sales,,,,,,,,,,
,,Margo,Daniels,margo.daniels@gmail.com,219-923-9444,Human Resources,,,,,,,,,,
,,Kareem,Jimenez,kareem.jimenez@gmail.com,212-998-0652,Admin,,,,,,,,,,
,,Nanette,Lee,nanette.lee@aol.com,209-309-8591,Sales,,,,,,,,,,
,,Myra,Franco,myra.franco@hotmail.com,270-570-5121,Accounting,,,,,,,,,,
,,Luther,Harrell,luther.harrell@hotmail.com,229-521-3282,Tech Support,,,,,,,,,,
,,Ramon,Campbell,ramon.campbell@walmart.com,203-886-1827,Sales,,,,,,,,,,
,,Sallie,Huffman,sallie.huffman@walmart.com,229-946-2253,Tech Support,,,,,,,,,,
,,Shirley,Herrera,shirley.herrera@gmail.com,209-239-8332,Customer Support,,,,,,,,,,
,,Corey,Harrell,corey.harrell@yahoo.com,212-792-8145,Sales,,,,,,,,,,
,,Carrie,Keller,carrie.keller@gmail.com,479-566-8608,Tech Support,,,,,,,,,,
,,Ofelia,Rivers,ofelia.rivers@gmail.com,203-437-2507,Accounting,,,,,,,,,,
,,Shelton,Harrison,shelton.harrison@yahoo.com,319-398-8029,Tech Support,,,,,,,,,,
,,Carlene,Bernard,carlene.bernard@aol.com,339-681-0793,Human Resources,,,,,,,,,,
,,Earline,Cherry,earline.cherry@bp.com,215-613-8378,Tech Support,,,,,,,,,,
,,Kitty,Mathis,kitty.mathis@gmail.com,503-291-7361,Customer Support,,,,,,,,,,
,,Lavonne,Carney,lavonne.carney@bp.com,210-383-2844,Human Resources,,,,,,,,,,
,,Reyna,Marks,reyna.marks@hotmail.com,216-657-0482,Tech Support,,,,,,,,,,
,,Preston,Perez,preston.perez@yahoo.com,231-627-1020,Accounting,,,,,,,,,,
,,Isaac,Cochran,isaac.cochran@charter.net,212-938-7324,Sales,,,,,,,,,,
,,Noe,Clay,noe.clay@bellsouth.net,217-458-3909,Customer Support,,,,,,,,,,
,,Callie,Cohen,callie.cohen@aol.com,212-913-8969,Customer Support,,,,,,,,,,
,,Elliott,Marks,elliott.marks@aol.com,229-435-8916,Customer Support,,,,,,,,,,
,,Georgina,Lamb,georgina.lamb@gmail.com,316-334-5403,Sales,,,,,,,,,,
,,Frances,May,frances.may@rediffmail.com,201-510-4857,Customer Support,,,,,,,,,,
,,Marc,Hurley,marc.hurley@gmail.com,210-771-0515,Accounting,,,,,,,,,,
,,Nathaniel,Bates,nathaniel.bates@exxonmobil.com,304-485-6950,Sales,,,,,,,,,,
,,Colby,Holder,colby.holder@walmart.com,229-363-7104,Sales,,,,,,,,,,
,,Dee,Love,dee.love@ibm.com,219-453-1822,Tech Support,,,,,,,,,,
,,Willie,Gibson,willie.gibson@gmail.com,210-672-1876,Tech Support,,,,,,,,,,
,,Alison,Walsh,alison.walsh@btinternet.com,803-754-2504,Sales,,,,,,,,,,
,,Gena,Holman,gena.holman@ntlworld.com,479-730-0439,Customer Support,,,,,,,,,,
,,Tammy,Casey,tammy.casey@gmail.com,216-524-3435,Customer Support,,,,,,,,,,
,,Shirley,Waller,shirley.waller@walmart.com,270-487-2309,Sales,,,,,,,,,,
,,Joanna,Poole,joanna.poole@bellsouth.net,314-243-5461,Human Resources,,,,,,,,,,
,,Amber,Mendoza,amber.mendoza@gmail.com,603-466-5911,Admin,,,,,,,,,,
,,Lourdes,Hull,lourdes.hull@hotmail.com,480-286-0831,Sales,,,,,,,,,,
,,Kim,England,kim.england@gmail.com,423-810-3573,Accounting,,,,,,,,,,
,,Haley,Maddox,haley.maddox@gmail.com,480-776-8203,Tech Support,,,,,,,,,,
,,Rory,Atkins,rory.atkins@gmail.com,270-530-6531,Sales,,,,,,,,,,
,,Kathrine,Whitaker,kathrine.whitaker@yahoo.com,210-927-7641,Sales,,,,,,,,,,
,,Lou,Buckner,lou.buckner@gmail.com,701-559-9925,Tech Support,,,,,,,,,,
,,Karla,Barrera,karla.barrera@gmail.com,406-503-5614,Customer Support,,,,,,,,,,
,,Ava,Kane,ava.kane@aol.com,219-501-7805,Accounting,,,,,,,,,,
,,Roseann,Riley,roseann.riley@aol.com,605-260-9998,Admin,,,,,,,,,,
,,Elizabeth,Fernandez,elizabeth.fernandez@gmail.com,236-680-8124,Sales,,,,,,,,,,
,,Flora,Decker,flora.decker@aol.com,385-701-5077,Accounting,,,,,,,,,,
,,Shannon,Parker,shannon.parker@yahoo.com,907-888-7743,Accounting,,,,,,,,,,
,,James,Cain,james.cain@gmail.com,208-623-6536,Accounting,,,,,,,,,,
,,Craig,Roberts,craig.roberts@yahoo.co.uk,217-340-7427,Sales,,,,,,,,,,
,,Celina,Huffman,celina.huffman@aol.com,303-570-6473,,,,,,,,,,,
,,Jimmie,Burnett,jimmie.burnett@microsoft.com,206-621-6851,Sales,,,,,,,,,,
,,Faye,Barrett,faye.barrett@sbcglobal.net,270-979-8387,Sales,,,,,,,,,,
,,Gena,Bradley,gena.bradley@gmail.com,319-335-9592,Sales,,,,,,,,,,
,,Deandre,Good,deandre.good@aol.com,207-434-2187,Sales,,,,,,,,,,
,,Garland,Ayers,garland.ayers@ibm.com,479-957-8137,Sales,,,,,,,,,,
,,Jerrod,Bell,jerrod.bell@yahoo.com,228-915-9184,Sales,,,,,,,,,,
,,Alexis,Holland,alexis.holland@aol.com,210-983-8877,Customer Support,,,,,,,,,,
,,Deidre,Barrett,deidre.barrett@yahoo.com,215-445-7100,Customer Support,,,,,,,,,,
,,Fred,Hoffman,fred.hoffman@microsoft.com,210-278-7110,Customer Support,,,,,,,,,,
,,Effie,Santana,effie.santana@yahoo.com,215-545-5060,Customer Support,,,,,,,,,,
,,Juliette,Mosley,juliette.mosley@hotmail.com,605-828-2040,Customer Support,,,,,,,,,,
,,Susan,Schwartz,susan.schwartz@gmail.com,215-578-8596,Customer Support,,,,,,,,,,
,,Richie,Downs,richie.downs@cox.net,209-990-1777,Customer Support,,,,,,,,,,
,,Winston,Griffin,winston.griffin@gmail.com,236-706-4648,Tech Support,,,,,,,,,,
,,Sammy,Mills,sammy.mills@yahoo.com,239-740-8337,Tech Support,,,,,,,,,,
,,Gracie,Mosley,gracie.mosley@yahoo.co.uk,252-933-6558,Tech Support,,,,,,,,,,
,,Manuel,Bentley,manuel.bentley@yahoo.com,304-225-2645,Tech Support,,,,,,,,,,
,,Roberto,Hogan,roberto.hogan@aol.com,319-361-9079,Tech Support,,,,,,,,,,
,,Wilma,Gray,wilma.gray@gmail.com,308-513-9527,Tech Support,,,,,,,,,,
,,Roderick,Perry,roderick.perry@gmail.com,339-636-3368,Tech Support,,,,,,,,,,
,,Mayra,Bowen,mayra.bowen@gmail.com,209-841-2723,,,,,,,,,,,
,,Andres,Alexander,andres.alexander@yahoo.com,212-699-1989,,,,,,,,,,,
,,Quentin,Carney,quentin.carney@gmail.com,218-666-9869,Human Resources,,,,,,,,,,
,,Adrian,Dunlap,adrian.dunlap@hotmail.com,203-936-3909,Human Resources,,,,,,,,,,
,,Lelia,Sawyer,lelia.sawyer@gmail.com,319-717-7518,Human Resources,,,,,,,,,,
,,Tad,Patrick,tad.patrick@yahoo.co.in,239-831-9507,,,,,,,,,,,
,,Pansy,Macdonald,pansy.macdonald@gmail.com,215-543-6120,Tech Support,,,,,,,,,,
,,Agustin,Gentry,agustin.gentry@aol.com,423-410-5564,Customer Support,,,,,,,,,,
,,Riley,Conley,riley.conley@gmail.com,210-262-5038,Sales,,,,,,,,,,
,,Bernard,Leach,bernard.leach@sbcglobal.net,303-296-0269,Tech Support,,,,,,,,,,
,,Lonnie,Gonzales,lonnie.gonzales@aol.com,210-813-7537,Accounting,,,,,,,,,,
,,Courtney,Barnes,courtney.barnes@ntlworld.com,236-958-8215,Tech Support,,,,,,,,,,
,,Eliza,Odonnell,eliza.odonnell@msn.com,339-906-5792,Human Resources,,,,,,,,,,
,,Jody,Mejia,jody.mejia@verizon.net,270-958-5406,Tech Support,,,,,,,,,,
,,Pam,Stuart,pam.stuart@gmail.com,240-870-5879,Customer Support,,,,,,,,,,
,,Trevor,Romero,trevor.romero@gmail.com,201-605-4247,Human Resources,,,,,,,,,,
,,Tamara,Perez,tamara.perez@aol.com,215-606-2786,Tech Support,,,,,,,,,,
,,Bonita,Dixon,bonita.dixon@gmail.com,215-203-8551,Accounting,,,,,,,,,,
,,Raphael,Durham,raphael.durham@bp.com,252-634-5403,Sales,,,,,,,,,,
,,Rosanne,Mendoza,rosanne.mendoza@shell.com,605-701-8540,Customer Support,,,,,,,,,,
,,Ola,Hays,ola.hays@exxonmobil.com,209-344-1530,Customer Support,,,,,,,,,,
,,Genevieve,Finley,genevieve.finley@charter.net,219-544-5838,Customer Support,,,,,,,,,,
,,Lamont,Albert,lamont.albert@yahoo.com,215-848-2868,Sales,,,,,,,,,,
,,Margie,Vincent,margie.vincent@ibm.com,210-722-8478,Customer Support,,,,,,,,,,
,,Terrell,Sears,terrell.sears@yahoo.co.uk,207-627-0029,Accounting,,,,,,,,,,
,,Edna,Riddle,edna.riddle@walmart.com,209-221-5899,Sales,,,,,,,,,,
,,Lindsey,Griffin,lindsey.griffin@gmail.com,252-283-7529,Sales,,,,,,,,,,
,,Lorrie,Sears,lorrie.sears@gmail.com,209-769-3945,Tech Support,,,,,,,,,,
,,Denver,Mays,denver.mays@charter.net,262-586-8792,Tech Support,,,,,,,,,,
,,Daisy,Giles,daisy.giles@yahoo.ca,239-794-9867,Sales,,,,,,,,,,
,,Esperanza,Wade,esperanza.wade@gmail.com,252-531-1147,Customer Support,,,,,,,,,,
,,Janice,Berg,janice.berg@gmail.com,216-667-7322,Customer Support,,,,,,,,,,
,,Helene,Gallegos,helene.gallegos@gmail.com,405-378-0829,Sales,,,,,,,,,,
,,Rosario,Tyson,rosario.tyson@gmail.com,303-853-1375,Human Resources,,,,,,,,,,
,,Teresa,Bowen,teresa.bowen@ibm.com,201-412-7978,Admin,,,,,,,,,,
,,Janna,Joseph,janna.joseph@gmail.com,207-865-3493,Sales,,,,,,,,,,
,,Erika,Myers,erika.myers@gmail.com,240-285-1644,Accounting,,,,,,,,,,
,,Mohamed,Fitzgerald,mohamed.fitzgerald@aol.com,210-510-6554,Tech Support,,,,,,,,,,
,,Mohammad,Downs,mohammad.downs@gmail.com,210-270-4781,Sales,,,,,,,,,,
,,Felipe,Vance,felipe.vance@gmail.com,316-740-9840,Tech Support,,,,,,,,,,
,,Rusty,Moran,rusty.moran@aol.com,217-712-9247,Customer Support,,,,,,,,,,
,,Kirsten,Wolf,kirsten.wolf@aol.com,225-903-4040,Sales,,,,,,,,,,
,,Mercedes,Glass,mercedes.glass@ntlworld.com,209-575-0812,Tech Support,,,,,,,,,,
,,Kenya,Merrill,kenya.merrill@apple.com,314-592-6247,Accounting,,,,,,,,,,
,,Laurence,Camacho,laurence.camacho@gmail.com,215-993-4147,Tech Support,,,,,,,,,,
,,Shirley,Potter,shirley.potter@yahoo.ca,218-695-4963,Human Resources,,,,,,,,,,
,,Ricky,Snider,ricky.snider@gmail.com,212-720-7830,Tech Support,,,,,,,,,,
,,Jerry,Jacobs,jerry.jacobs@gmail.com,423-846-5095,Customer Support,,,,,,,,,,
,,Melva,Payne,melva.payne@bellsouth.net,209-282-9349,Human Resources,,,,,,,,,,
,,Josef,Lamb,josef.lamb@gmail.com,205-274-2958,Tech Support,,,,,,,,,,
,,Ellen,Bird,ellen.bird@sbcglobal.net,236-825-0094,Accounting,,,,,,,,,,
,,Lydia,Lindsey,lydia.lindsey@comcast.net,701-553-1269,Sales,,,,,,,,,,
,,Becky,Bolton,becky.bolton@gmail.com,217-563-0363,Customer Support,,,,,,,,,,
,,Edna,Petersen,edna.petersen@gmail.com,231-452-4156,Customer Support,,,,,,,,,,
,,Yong,Poole,yong.poole@sbcglobal.net,216-633-4360,Customer Support,,,,,,,,,,
,,Shannon,Singleton,shannon.singleton@yahoo.co.in,252-688-2150,Sales,,,,,,,,,,
,,Benny,Smith,benny.smith@gmail.com,503-642-5195,Customer Support,,,,,,,,,,
,,Rhea,Faulkner,rhea.faulkner@charter.net,319-869-7190,Accounting,,,,,,,,,,
,,Tracy,Sparks,tracy.sparks@hotmail.co.uk,215-515-9885,Sales,,,,,,,,,,
,,Wilburn,Atkins,wilburn.atkins@btinternet.com,217-551-7621,Sales,,,,,,,,,,
,,Frank,Larson,frank.larson@charter.net,206-649-4354,Tech Support,,,,,,,,,,
,,Barton,Mullen,barton.mullen@apple.com,239-785-3194,Tech Support,,,,,,,,,,
,,Max,Barrera,max.barrera@shell.com,203-763-8430,Sales,,,,,,,,,,
,,Eliseo,Wilkerson,eliseo.wilkerson@hotmail.com,215-668-0066,Customer Support,,,,,,,,,,
,,Lynne,Vinson,lynne.vinson@hotmail.com,206-543-0849,Customer Support,,,,,,,,,,
,,Maude,Jackson,maude.jackson@sbcglobal.net,339-890-5800,Sales,,,,,,,,,,
,,Kathryn,Sargent,kathryn.sargent@aol.com,603-698-4251,Human Resources,,,,,,,,,,
,,Dan,William,dan.william@gmail.com,262-989-4367,Admin,,,,,,,,,,
,,Tanisha,Lester,tanisha.lester@ibm.com,219-605-0185,Sales,,,,,,,,,,
,,Kitty,Clay,kitty.clay@yahoo.ca,480-397-1142,Accounting,,,,,,,,,,
,,Kent,Jackson,kent.jackson@exxonmobil.com,304-562-4105,Tech Support,,,,,,,,,,
,,Ashlee,Gardner,ashlee.gardner@gmail.com,210-690-7906,Sales,,,,,,,,,,
,,Felecia,Sparks,felecia.sparks@gmail.com,252-740-0372,Tech Support,,,,,,,,,,
,,Horace,Rasmussen,horace.rasmussen@gmail.com,262-943-7850,Customer Support,,,,,,,,,,
,,Rickie,Gilmore,rickie.gilmore@gmail.com,212-327-7250,Sales,,,,,,,,,,
,,Maria,Chavez,maria.chavez@gmail.com,215-871-0568,Tech Support,,,,,,,,,,
,,Michael,West,michael.west@aol.com,423-682-1916,Accounting,,,,,,,,,,
,,Paula,Pacheco,paula.pacheco@rediffmail.com,209-690-7059,Tech Support,,,,,,,,,,
,,Rick,Sawyer,rick.sawyer@earthlink.net,803-885-5446,Human Resources,,,,,,,,,,
,,Ramiro,Rojas,ramiro.rojas@ntlworld.com,339-358-4733,Tech Support,,,,,,,,,,
,,Benny,Stephenson,benny.stephenson@apple.com,212-686-7826,Customer Support,,,,,,,,,,
,,Beryl,Nelson,beryl.nelson@gmail.com,206-728-2403,Human Resources,,,,,,,,,,
,,Bernice,Conrad,bernice.conrad@aol.com,316-655-2948,Tech Support,,,,,,,,,,
,,Bud,Knowles,bud.knowles@hotmail.com,215-600-5286,Accounting,,,,,,,,,,
,,Anita,Pratt,anita.pratt@gmail.com,503-834-3610,Sales,,,,,,,,,,
,,Kareem,Fuentes,kareem.fuentes@hotmail.com,202-469-0012,Customer Support,,,,,,,,,,
,,Curtis,Hoover,curtis.hoover@gmail.com,219-283-6516,Customer Support,,,,,,,,,,
,,Tamika,Rosa,tamika.rosa@walmart.com,262-973-9609,Customer Support,,,,,,,,,,
,,Carmelo,Scott,carmelo.scott@yahoo.co.uk,210-233-7275,Sales,,,,,,,,,,
,,Rebecca,Moon,rebecca.moon@rediffmail.com,201-750-8519,Customer Support,,,,,,,,,,
,,Pearlie,Bryant,pearlie.bryant@gmail.com,203-936-5406,Accounting,,,,,,,,,,
,,Donovan,Russo,donovan.russo@hotmail.com,228-878-7586,Sales,,,,,,,,,,
,,Robt,Ramsey,robt.ramsey@comcast.net,319-414-9330,Sales,,,,,,,,,,
,,Lacy,Rowe,lacy.rowe@gmail.com,231-335-9059,Tech Support,,,,,,,,,,
,,Rosemary,Vaughn,rosemary.vaughn@aol.com,212-410-1378,Tech Support,,,,,,,,,,
,,Lon,Martin,lon.martin@hotmail.co.uk,240-740-1598,Sales,,,,,,,,,,
,,Grace,Dejesus,grace.dejesus@yahoo.co.uk,262-635-2782,Customer Support,,,,,,,,,,
,,Felix,Haynes,felix.haynes@aol.com,218-652-4728,Customer Support,,,,,,,,,,
,,Beatriz,Pugh,beatriz.pugh@aol.com,229-386-6446,Sales,,,,,,,,,,
,,Louisa,Wallace,louisa.wallace@shaw.ca,216-265-3694,Human Resources,,,,,,,,,,
,,Aubrey,Myers,aubrey.myers@hotmail.com,803-831-6551,Admin,,,,,,,,,,
,,Reyna,Mccoy,reyna.mccoy@hotmail.com,480-932-3895,Sales,,,,,,,,,,
,,Rusty,Fletcher,rusty.fletcher@gmail.com,701-340-7308,Accounting,,,,,,,,,,
,,Houston,Morris,houston.morris@verizon.net,201-697-7484,Tech Support,,,,,,,,,,
,,Edwardo,Stone,edwardo.stone@gmail.com,212-584-3136,Sales,,,,,,,,,,
,,Clifton,Langley,clifton.langley@verizon.net,202-316-2397,Sales,,,,,,,,,,
,,Amparo,Campos,amparo.campos@gmail.com,209-768-6733,Tech Support,,,,,,,,,,
,,Martha,Schmidt,martha.schmidt@aol.com,209-973-9124,Customer Support,,,,,,,,,,
,,Charmaine,Hawkins,charmaine.hawkins@yahoo.com,225-940-9915,Accounting,,,,,,,,,,
,,Jayne,Thomas,jayne.thomas@hotmail.com,216-368-2545,Admin,,,,,,,,,,
,,Bryce,Cox,bryce.cox@gmail.com,217-894-6093,Sales,,,,,,,,,,
,,Beatrice,Lawson,beatrice.lawson@hotmail.com,270-461-8555,Accounting,,,,,,,,,,
,,Alphonse,Torres,alphonse.torres@btinternet.com,215-803-0126,Accounting,,,,,,,,,,
,,Rae,Peck,rae.peck@gmail.com,314-763-8976,Accounting,,,,,,,,,,
,,Dona,Maxwell,dona.maxwell@gmail.com,304-526-9538,Sales,,,,,,,,,,
,,Clara,Harrington,clara.harrington@gmail.com,218-354-2011,Sales,,,,,,,,,,
,,Harlan,Vaughan,harlan.vaughan@bp.com,209-424-3616,Sales,,,,,,,,,,
,,Wanda,Lester,wanda.lester@gmail.com,503-961-0382,Sales,,,,,,,,,,
,,Keri,Buchanan,keri.buchanan@hotmail.co.uk,210-243-9758,Sales,,,,,,,,,,
,,Wilfred,Charles,wilfred.charles@btinternet.com,339-753-7642,Sales,,,,,,,,,,
,,Lynn,Howe,lynn.howe@gmail.com,217-992-4159,Sales,,,,,,,,,,
,,Faye,Mercer,faye.mercer@yahoo.com,219-520-1944,Customer Support,,,,,,,,,,
,,Bennie,Melendez,bennie.melendez@yahoo.com,319-520-6921,Customer Support,,,,,,,,,,
,,Scotty,Ellis,scotty.ellis@hotmail.com,210-485-1590,Customer Support,,,,,,,,,,
,,Grady,Herman,grady.herman@yahoo.ca,270-734-0802,Customer Support,,,,,,,,,,
,,Eula,Aguirre,eula.aguirre@exxonmobil.com,308-952-0044,Customer Support,,,,,,,,,,
,,Nita,Adams,nita.adams@hotmail.com,303-350-6217,Customer Support,,,,,,,,,,
,,Zachery,Harvey,zachery.harvey@walmart.com,319-759-0924,Customer Support,,,,,,,,,,
,,Scot,Faulkner,scot.faulkner@bp.com,215-941-6239,Tech Support,,,,,,,,,,
,,Mia,Joseph,mia.joseph@hotmail.co.uk,480-327-3003,Tech Support,,,,,,,,,,
,,Hung,Herman,hung.herman@gmail.com,252-987-1594,Tech Support,,,,,,,,,,
,,Genevieve,Bradshaw,genevieve.bradshaw@gmail.com,339-210-5214,Tech Support,,,,,,,,,,
,,Alec,Brown,alec.brown@cox.net,209-427-5666,Tech Support,,,,,,,,,,
,,Pasquale,Knight,pasquale.knight@yahoo.co.uk,228-544-1642,Tech Support,,,,,,,,,,
,,Sheri,Whitley,sheri.whitley@bp.com,319-609-9495,Tech Support,,,,,,,,,,
,,Raul,Frost,raul.frost@hotmail.com,206-925-9280,Human Resources,,,,,,,,,,
,,Amparo,Dixon,amparo.dixon@charter.net,314-820-8867,Human Resources,,,,,,,,,,
,,Efrain,Carney,efrain.carney@yahoo.com,314-609-9445,Human Resources,,,,,,,,,,
,,Leon,Mcgowan,leon.mcgowan@hotmail.com,218-817-1739,Tech Support,,,,,,,,,,
,,Vonda,Johns,vonda.johns@aol.com,209-248-1156,Customer Support,,,,,,,,,,
,,Jorge,Wright,jorge.wright@cox.net,479-250-1028,Sales,,,,,,,,,,
,,Brandy,Bean,brandy.bean@ntlworld.com,385-706-7340,Tech Support,,,,,,,,,,
,,Lakeisha,Bowman,lakeisha.bowman@hotmail.com,239-492-7337,Accounting,,,,,,,,,,
,,Ernestine,Lambert,ernestine.lambert@msn.com,210-747-0304,Tech Support,,,,,,,,,,
,,Julius,Gardner,julius.gardner@btinternet.com,229-458-0848,Human Resources,,,,,,,,,,
,,Naomi,Jacobs,naomi.jacobs@hotmail.com,252-575-4680,Tech Support,,,,,,,,,,
,,Sydney,Frederick,sydney.frederick@bellsouth.net,405-448-6896,Customer Support,,,,,,,,,,
,,Clifton,Tyson,clifton.tyson@gmail.com,212-696-2759,Human Resources,,,,,,,,,,
,,Consuelo,Hamilton,consuelo.hamilton@gmail.com,219-392-0976,Tech Support,,,,,,,,,,
,,Aldo,Jarvis,aldo.jarvis@aol.com,212-379-9486,Accounting,,,,,,,,,,
,,Deidre,Anthony,deidre.anthony@yahoo.co.uk,219-606-3736,Sales,,,,,,,,,,
,,Maura,Delaney,maura.delaney@yahoo.com,308-798-7465,Customer Support,,,,,,,,,,
,,Claudine,Landry,claudine.landry@cox.net,231-837-5983,Customer Support,,,,,,,,,,
,,Silvia,Ortega,silvia.ortega@hotmail.com,212-885-1954,Customer Support,,,,,,,,,,
,,Gilda,Dillon,gilda.dillon@msn.com,219-515-3678,Sales,,,,,,,,,,
,,Mai,Jennings,mai.jennings@gmail.com,503-281-5868,Customer Support,,,,,,,,,,
,,Cecilia,Dawson,cecilia.dawson@yahoo.com,907-303-2939,Accounting,,,,,,,,,,
,,Wilburn,Rowe,wilburn.rowe@yahoo.com,207-983-4779,Sales,,,,,,,,,,
,,Delbert,Cooley,delbert.cooley@shell.com,209-346-5040,Sales,,,,,,,,,,
,,Vincent,Case,vincent.case@yahoo.com,423-599-1914,Tech Support,,,,,,,,,,
,,Orlando,Wilkerson,orlando.wilkerson@hotmail.com,405-323-1414,Tech Support,,,,,,,,,,
,,Isiah,Hubbard,isiah.hubbard@hotmail.com,212-290-3156,Sales,,,,,,,,,,
,,Jeanine,Ratliff,jeanine.ratliff@gmail.com,252-696-8644,Customer Support,,,,,,,,,,
,,Damien,Middleton,damien.middleton@bp.com,314-530-2047,Customer Support,,,,,,,,,,
,,Fern,Burris,fern.burris@aol.com,208-659-3478,Sales,,,,,,,,,,
,,Katy,Glass,katy.glass@charter.net,406-947-4781,Human Resources,,,,,,,,,,
,,Nikki,Bean,nikki.bean@gmail.com,240-689-7811,Admin,,,,,,,,,,
,,Norris,Alvarez,norris.alvarez@charter.net,307-378-5213,Sales,,,,,,,,,,
,,Reinaldo,Eaton,reinaldo.eaton@gmail.com,701-395-3702,Accounting,,,,,,,,,,
,,Eddie,Irwin,eddie.irwin@hotmail.com,252-819-9849,Tech Support,,,,,,,,,,
,,Denise,Swanson,denise.swanson@aol.com,217-370-8360,Sales,,,,,,,,,,
,,Sasha,Beard,sasha.beard@gmail.com,236-772-2857,Tech Support,,,,,,,,,,
,,Josh,Tucker,josh.tucker@hotmail.com,218-540-9156,Customer Support,,,,,,,,,,
,,Rodger,Roach,rodger.roach@apple.com,209-298-1056,Sales,,,,,,,,,,
,,Miles,Mcdaniel,miles.mcdaniel@gmail.com,303-213-8612,Tech Support,,,,,,,,,,
,,Erin,French,erin.french@hotmail.com,215-665-8924,Accounting,,,,,,,,,,
,,Rosalind,Booth,rosalind.booth@shaw.ca,218-930-9410,Tech Support,,,,,,,,,,
,,Lenard,Conner,lenard.conner@gmail.com,314-499-3596,Human Resources,,,,,,,,,,
,,Wilson,Mcmillan,wilson.mcmillan@msn.com,302-715-9387,Tech Support,,,,,,,,,,
,,Harley,Murphy,harley.murphy@yahoo.com,262-535-9860,Customer Support,,,,,,,,,,
,,Carrie,Ramsey,carrie.ramsey@gmail.com,316-624-6536,Human Resources,,,,,,,,,,
,,Esteban,Finch,esteban.finch@walmart.com,209-464-5164,Tech Support,,,,,,,,,,
,,Merle,Martin,merle.martin@gmail.com,423-297-4006,Accounting,,,,,,,,,,
,,Joanna,Rodriquez,joanna.rodriquez@gmail.com,205-687-4611,Sales,,,,,,,,,,
,,Cyrus,Gardner,cyrus.gardner@gmail.com,236-207-5102,Customer Support,,,,,,,,,,
,,Mariana,Mcneil,mariana.mcneil@aol.com,239-359-5958,Customer Support,,,,,,,,,,
,,Fletcher,Hardin,fletcher.hardin@btinternet.com,205-508-8287,Customer Support,,,,,,,,,,
,,Edwin,Brock,edwin.brock@gmail.com,210-948-4620,Sales,,,,,,,,,,
,,Noreen,Bray,noreen.bray@gmail.com,225-289-2180,Customer Support,,,,,,,,,,
,,Ollie,Woods,ollie.woods@aol.com,225-575-8670,Accounting,,,,,,,,,,
,,Cleveland,Kirkland,cleveland.kirkland@gmail.com,239-219-0554,Sales,,,,,,,,,,
,,Arron,Olsen,arron.olsen@shaw.ca,216-272-3835,Sales,,,,,,,,,,
,,Elijah,Garrison,elijah.garrison@gmail.com,207-804-7339,Tech Support,,,,,,,,,,
,,Allie,Landry,allie.landry@ntlworld.com,252-527-8497,Tech Support,,,,,,,,,,
,,Janie,Cooke,janie.cooke@gmail.com,405-828-1625,Sales,,,,,,,,,,
,,Shelia,Conrad,shelia.conrad@ibm.com,907-837-8699,Customer Support,,,,,,,,,,
,,Aida,Banks,aida.banks@yahoo.com,236-512-2651,Customer Support,,,,,,,,,,
,,Lora,Wheeler,lora.wheeler@gmail.com,239-457-3136,Sales,,,,,,,,,,
,,Fritz,Gross,fritz.gross@ibm.com,803-557-4819,Human Resources,,,,,,,,,,
,,Natalie,Ellison,natalie.ellison@bp.com,219-248-8159,Admin,,,,,,,,,,
,,Eliseo,Berry,eliseo.berry@apple.com,218-799-2685,Sales,,,,,,,,,,
,,Philip,Mcbride,philip.mcbride@outlook.com,319-230-2779,Accounting,,,,,,,,,,
,,Kay,Travis,kay.travis@yahoo.co.in,480-454-5959,Tech Support,,,,,,,,,,
,,Liliana,Donovan,liliana.donovan@hotmail.com,215-232-3660,Sales,,,,,,,,,,
,,Elise,Kidd,elise.kidd@hotmail.com,316-273-4511,Tech Support,,,,,,,,,,
,,Tabitha,Baird,tabitha.baird@cox.net,210-239-0123,Customer Support,,,,,,,,,,
,,Barney,Guerrero,barney.guerrero@gmail.com,308-689-3365,Sales,,,,,,,,,,
,,Myrtle,Riggs,myrtle.riggs@shaw.ca,219-544-9146,Tech Support,,,,,,,,,,
,,Frederick,Mckay,frederick.mckay@gmail.com,205-269-7700,Accounting,,,,,,,,,,
,,Debora,Hinton,debora.hinton@hotmail.com,215-998-0363,Tech Support,,,,,,,,,,
,,Merlin,Meyers,merlin.meyers@gmail.com,304-362-7855,Human Resources,,,,,,,,,,
,,Celia,Huffman,celia.huffman@rediffmail.com,304-761-1064,Tech Support,,,,,,,,,,
,,Tina,Cabrera,tina.cabrera@gmail.com,314-548-4323,Customer Support,,,,,,,,,,
,,Kelsey,Brown,kelsey.brown@gmail.com,212-549-1195,Human Resources,,,,,,,,,,
,,Danny,Shaw,danny.shaw@gmail.com,215-993-2752,Tech Support,,,,,,,,,,
,,Dena,Gomez,dena.gomez@aol.com,216-287-8358,Accounting,,,,,,,,,,
,,Edmund,Blankenship,edmund.blankenship@yahoo.com,209-494-8948,Sales,,,,,,,,,,
,,Hershel,Cain,hershel.cain@walmart.com,215-857-2813,Customer Support,,,,,,,,,,
,,Lawanda,Whitehead,lawanda.whitehead@earthlink.net,270-931-3875,Customer Support,,,,,,,,,,
,,Sophia,Gregory,sophia.gregory@sbcglobal.net,205-651-2474,Customer Support,,,,,,,,,,
,,Lauren,Mcgee,lauren.mcgee@gmail.com,225-917-8648,Sales,,,,,,,,,,
,,Guy,Rutledge,guy.rutledge@hotmail.com,252-415-7913,Customer Support,,,,,,,,,,
,,Kurt,Oconnor,kurt.oconnor@hotmail.co.uk,302-848-9544,Accounting,,,,,,,,,,
,,Mallory,Pearson,mallory.pearson@aol.com,219-806-7357,Sales,,,,,,,,,,
,,Louisa,Nelson,louisa.nelson@aol.com,210-952-2993,Sales,,,,,,,,,,
,,Diego,Huffman,diego.huffman@hotmail.com,262-737-1691,Tech Support,,,,,,,,,,
,,Louisa,Ellison,louisa.ellison@yahoo.co.uk,209-240-0581,Tech Support,,,,,,,,,,
,,Josue,Cross,josue.cross@shell.com,319-631-9453,Sales,,,,,,,,,,
,,Ines,Dominguez,ines.dominguez@sbcglobal.net,239-958-4051,Customer Support,,,,,,,,,,
,,Lance,Garza,lance.garza@verizon.net,228-765-1842,Customer Support,,,,,,,,,,
,,Belinda,Pace,belinda.pace@yahoo.com,252-731-0304,Sales,,,,,,,,,,
,,Gracie,Herring,gracie.herring@shaw.ca,262-729-7707,Human Resources,,,,,,,,,,
,,Benito,Knapp,benito.knapp@aol.com,262-320-6394,Admin,,,,,,,,,,
,,Lucinda,Mcgowan,lucinda.mcgowan@gmail.com,270-665-8559,Sales,,,,,,,,,,
,,Jami,Golden,jami.golden@gmail.com,304-867-4534,Accounting,,,,,,,,,,
,,David,Gutierrez,david.gutierrez@gmail.com,210-529-3564,Tech Support,,,,,,,,,,
,,Clement,Myers,clement.myers@earthlink.net,201-948-7092,Sales,,,,,,,,,,
,,Shane,Porter,shane.porter@hotmail.co.uk,219-628-4542,,,,,,,,,,,
,,Clint,Gross,clint.gross@microsoft.com,206-920-1593,,,,,,,,,,,
,,Ofelia,Pickett,ofelia.pickett@hotmail.com,225-584-0970,,,,,,,,,,,
,,Karina,Green,karina.green@yahoo.ca,314-676-5716,,,,,,,,,,,
,,Sam,Burris,sam.burris@cox.net,225-370-4982,,,,,,,,,,,
,,Lina,Shannon,lina.shannon@bp.com,503-789-2300,,,,,,,,,,,
,,Myles,Coleman,myles.coleman@gmail.com,215-472-6369,,,,,,,,,,,
,,Clay,Freeman,clay.freeman@gmail.com,216-365-4336,,,,,,,,,,,
,,Catalina,Guthrie,catalina.guthrie@aol.com,262-632-7576,,,,,,,,,,,
,,Nannie,Moon,nannie.moon@gmail.com,208-295-9974,,,,,,,,,,,
,,Donovan,Serrano,donovan.serrano@btinternet.com,339-398-8707,,,,,,,,,,,
,,Sondra,Reyes,sondra.reyes@yahoo.co.uk,316-699-7521,,,,,,,,,,,
,,Terrance,Duke,terrance.duke@microsoft.com,262-780-2520,,,,,,,,,,,
,,Colleen,Rodriguez,colleen.rodriguez@cox.net,701-285-0439,,,,,,,,,,,
,,Thad,Luna,thad.luna@gmail.com,217-290-9429,,,,,,,,,,,
,,Terence,Clay,terence.clay@outlook.com,206-289-2344,,,,,,,,,,,
,,Bettie,Holman,bettie.holman@hotmail.co.uk,217-804-2508,,,,,,,,,,,
,,Boyd,Greer,boyd.greer@yahoo.co.in,228-432-2011,,,,,,,,,,,
,,Corey,Edwards,corey.edwards@gmail.com,216-702-2482,,,,,,,,,,,
,,Violet,Lindsay,violet.lindsay@charter.net,215-568-8372,,,,,,,,,,,
,,Camille,Mullins,camille.mullins@yahoo.com,209-722-2736,,,,,,,,,,,
,,Nicole,Rodriquez,nicole.rodriquez@gmail.com,316-533-5513,,,,,,,,,,,
,,Joan,Bauer,joan.bauer@yahoo.com,803-643-2327,,,,,,,,,,,
,,Kennith,Marquez,kennith.marquez@aol.com,236-976-7820,,,,,,,,,,,
,,Mae,Hurst,mae.hurst@gmail.com,215-708-1606,,,,,,,,,,,
,,Denver,Mann,denver.mann@exxonmobil.com,236-242-0935,,,,,,,,,,,
,,Milford,Dickerson,milford.dickerson@gmail.com,208-338-5685,,,,,,,,,,,
,,Marva,Phelps,marva.phelps@hotmail.com,217-648-8520,,,,,,,,,,,
,,Betsy,Dillon,betsy.dillon@msn.com,229-371-7539,,,,,,,,,,,
,,Celeste,Ramirez,celeste.ramirez@aol.com,339-240-1441,,,,,,,,,,,
,,Tonya,Burke,tonya.burke@aol.com,308-625-7172,,,,,,,,,,,
,,Deana,Spencer,deana.spencer@hotmail.com,505-769-0092,,,,,,,,,,,
,,Susanne,Joseph,susanne.joseph@gmail.com,219-743-6620,,,,,,,,,,,
,,Cole,Spencer,cole.spencer@yahoo.com,215-232-9400,,,,,,,,,,,
,,Marlon,Whitaker,marlon.whitaker@aol.com,217-843-4951,,,,,,,,,,,
,,Trudy,Frazier,trudy.frazier@rediffmail.com,218-634-3825,,,,,,,,,,,
,,Tania,May,tania.may@hotmail.com,239-374-3264,,,,,,,,,,,
,,Leonel,Guerrero,leonel.guerrero@exxonmobil.com,239-927-2354,,,,,,,,,,,
,,Nadia,Stokes,nadia.stokes@gmail.com,228-757-9686,,,,,,,,,,,
,,Cody,Dillard,cody.dillard@gmail.com,231-865-3509,,,,,,,,,,,
,,Megan,Fry,megan.fry@gmail.com,225-343-4382,,,,,,,,,,,
,,Darla,Durham,darla.durham@microsoft.com,231-256-0340,,,,,,,,,,,
,,Cecile,Ross,cecile.ross@bp.com,209-356-4542,,,,,,,,,,,
,,Helene,Franco,helene.franco@shell.com,316-308-5431,,,,,,,,,,,
,,Vernon,Buchanan,vernon.buchanan@gmail.com,405-450-9390,,,,,,,,,,,
,,Marva,Santiago,marva.santiago@gmail.com,210-779-5897,,,,,,,,,,,
,,Yvette,Bentley,yvette.bentley@hotmail.com,319-754-5182,,,,,,,,,,,
,,Derick,Daugherty,derick.daugherty@hotmail.com,216-232-8382,,,,,,,,,,,
,,Fay,Villarreal,fay.villarreal@yahoo.com,210-524-0203,,,,,,,,,,,
,,Deanna,Wilkins,deanna.wilkins@ibm.com,314-779-4065,,,,,,,,,,,
,,Augusta,Andrews,augusta.andrews@gmail.com,314-692-9769,,,,,,,,,,,
,,Erna,Tran,erna.tran@gmail.com,205-634-3652,,,,,,,,,,,
,,Luther,Short,luther.short@gmail.com,216-816-1233,,,,,,,,,,,
,,Curtis,Williamson,curtis.williamson@hotmail.com,210-264-2382,,,,,,,,,,,
,,Yvette,Rivers,yvette.rivers@ibm.com,203-832-8970,,,,,,,,,,,
,,Walter,Velez,walter.velez@gmail.com,236-435-5027,,,,,,,,,,,
,,Christa,Wilkins,christa.wilkins@verizon.net,262-803-9394,,,,,,,,,,,
,,Milton,Neal,milton.neal@gmail.com,212-967-0888,,,,,,,,,,,
,,Kimberly,Harmon,kimberly.harmon@gmail.com,316-466-5947,,,,,,,,,,,
,,Lemuel,Houston,lemuel.houston@charter.net,206-379-8797,,,,,,,,,,,
,,Marcie,Weiss,marcie.weiss@yahoo.com,803-286-4103,,,,,,,,,,,
,,Bart,Whitaker,bart.whitaker@hotmail.com,225-846-2122,,,,,,,,,,,
,,Patrice,Koch,patrice.koch@shaw.ca,210-406-6365,,,,,,,,,,,
,,Xavier,Mcintosh,xavier.mcintosh@gmail.com,212-439-3754,,,,,,,,,,,
,,Lidia,Rojas,lidia.rojas@yahoo.com,209-694-7271,,,,,,,,,,,
,,Essie,Bridges,essie.bridges@yahoo.co.uk,215-584-1122,,,,,,,,,,,
,,Sondra,Stephens,sondra.stephens@msn.com,209-594-8387,,,,,,,,,,,
,,Monte,Contreras,monte.contreras@gmail.com,206-909-1183,,,,,,,,,,,
,,Ernesto,Moreno,ernesto.moreno@hotmail.com,236-477-3313,,,,,,,,,,,
,,Ismael,Ellis,ismael.ellis@charter.net,603-891-5427,,,,,,,,,,,
,,Elijah,Hopkins,elijah.hopkins@aol.com,210-692-2678,,,,,,,,,,,
,,Leigh,Mccall,leigh.mccall@gmail.com,262-810-4875,,,,,,,,,,,
,,Genaro,Stafford,genaro.stafford@yahoo.com,702-913-9143,,,,,,,,,,,
,,Lucy,Hinton,lucy.hinton@yahoo.com,252-398-5078,,,,,,,,,,,
,,Bernadette,Glass,bernadette.glass@hotmail.com,239-692-2402,,,,,,,,,,,
,,Lee,Peck,lee.peck@gmail.com,210-788-1120,,,,,,,,,,,
,,Damian,Ellison,damian.ellison@gmail.com,212-904-4176,,,,,,,,,,,
,,Dusty,Hendricks,dusty.hendricks@gmail.com,201-864-2613,,,,,,,,,,,
,,Katina,Wynn,katina.wynn@gmail.com,303-806-3222,,,,,,,,,,,
,,Clair,Morris,clair.morris@gmail.com,206-614-8704,,,,,,,,,,,
,,Ernesto,Short,ernesto.short@hotmail.com,252-477-0326,,,,,,,,,,,
,,Frankie,Wiggins,frankie.wiggins@gmail.com,303-773-3071,,,,,,,,,,,
,,Angelique,Guy,angelique.guy@hotmail.com,210-875-3303,,,,,,,,,,,
,,Marcelino,Tanner,marcelino.tanner@gmail.com,479-283-8919,,,,,,,,,,,
,,Tony,Weiss,tony.weiss@aol.com,209-283-2005,,,,,,,,,,,
,,Lenard,Cardenas,lenard.cardenas@yahoo.co.uk,252-633-3990,,,,,,,,,,,
,,Aurora,Gray,aurora.gray@gmail.com,505-463-3310,,,,,,,,,,,
,,Manuela,Koch,manuela.koch@aol.com,210-616-5554,,,,,,,,,,,
,,Jean,Mclean,jean.mclean@walmart.com,503-800-6129,,,,,,,,,,,
,,Barbra,Sutton,barbra.sutton@ibm.com,252-876-5411,,,,,,,,,,,
,,Deann,Mccormick,deann.mccormick@yahoo.co.uk,215-559-6405,,,,,,,,,,,
,,Reba,Browning,reba.browning@hotmail.com,229-958-4896,,,,,,,,,,,
,,Rickie,Alston,rickie.alston@gmail.com,319-330-2111,,,,,,,,,,,
,,Lyman,Reeves,lyman.reeves@yahoo.com,207-961-9872,,,,,,,,,,,
,,Deon,Quinn,deon.quinn@gmail.com,210-478-8253,,,,,,,,,,,
,,Israel,Mccarthy,israel.mccarthy@outlook.com,216-481-5735,,,,,,,,,,,
,,Moises,Berger,moises.berger@shell.com,209-999-1866,,,,,,,,,,,
,,Jerri,Douglas,jerri.douglas@yahoo.com,503-571-2413,,,,,,,,,,,
,,Bradley,Nieves,bradley.nieves@gmail.com,423-760-7018,,,,,,,,,,,
,,Romeo,Foster,romeo.foster@shell.com,307-281-9361,,,,,,,,,,,
,,Leopoldo,Mcgee,leopoldo.mcgee@gmail.com,210-459-9807,,,,,,,,,,,
,,Andrea,Crawford,andrea.crawford@exxonmobil.com,405-614-0571,,,,,,,,,,,
,,Charley,Daniel,charley.daniel@yahoo.com,218-468-3365,,,,,,,,,,,
,,Carolyn,Butler,carolyn.butler@yahoo.com,803-777-9562,,,,,,,,,,,
,,Gracie,Stanley,gracie.stanley@gmail.com,201-788-2850,,,,,,,,,,,
,,Jerrold,Sweet,jerrold.sweet@gmail.com,239-425-4387,,,,,,,,,,,
,,Joshua,Small,joshua.small@gmail.com,205-293-0457,,,,,,,,,,,
,,Kristy,Jordan,kristy.jordan@hotmail.com,210-315-2628,,,,,,,,,,,
,,Spencer,Williams,spencer.williams@hotmail.com,479-987-0408,,,,,,,,,,,
,,Ashley,Ochoa,ashley.ochoa@shell.com,505-459-6399,,,,,,,,,,,
,,Rocco,Wall,rocco.wall@gmail.com,603-449-3958,,,,,,,,,,,
,,Sonny,Carey,sonny.carey@gmail.com,308-667-7346,,,,,,,,,,,
,,Erich,Goodman,erich.goodman@gmail.com,304-784-4393,,,,,,,,,,,
,,Mack,Massey,mack.massey@shaw.ca,210-302-1647,,,,,,,,,,,
,,Vicky,Burgess,vicky.burgess@hotmail.com,603-674-2032,,,,,,,,,,,
,,Willa,Hensley,willa.hensley@gmail.com,218-328-5008,,,,,,,,,,,
,,Reva,Morales,reva.morales@yahoo.com,215-329-9222,,,,,,,,,,,
,,Ina,Cummings,ina.cummings@gmail.com,210-961-7669,,,,,,,,,,,
,,Kristi,Monroe,kristi.monroe@gmail.com,212-734-5344,,,,,,,,,,,
,,Danial,Carpenter,danial.carpenter@msn.com,215-719-9400,,,,,,,,,,,
,,Benita,Duncan,benita.duncan@gmail.com,423-901-1808,,,,,,,,,,,
,,Dwayne,Kim,dwayne.kim@ibm.com,405-870-4505,,,,,,,,,,,
,,Lorrie,Rocha,lorrie.rocha@aol.com,304-719-7057,,,,,,,,,,,
,,Juliana,Hines,juliana.hines@gmail.com,262-884-6814,,,,,,,,,,,
,,Mac,Mcleod,mac.mcleod@gmail.com,401-501-1565,,,,,,,,,,,
,,Bryce,Bonner,bryce.bonner@gmail.com,505-386-4693,,,,,,,,,,,
,,Guadalupe,Holcomb,guadalupe.holcomb@hotmail.com,316-841-2836,,,,,,,,,,,
,,Jacob,Cherry,jacob.cherry@yahoo.co.in,603-796-6037,,,,,,,,,,,
,,Jeanette,Rivera,jeanette.rivera@aol.com,270-857-0407,,,,,,,,,,,
,,Jefferson,Holt,jefferson.holt@yahoo.ca,701-992-3274,,,,,,,,,,,
,,Dillon,Dunn,dillon.dunn@yahoo.ca,209-642-0845,,,,,,,,,,,
,,Bertie,Slater,bertie.slater@gmail.com,215-850-8359,,,,,,,,,,,
,,Hannah,Cooper,hannah.cooper@shaw.ca,240-919-2748,,,,,,,,,,,
,,Jon,Mcneil,jon.mcneil@hotmail.com,218-998-7784,,,,,,,,,,,
,,Caitlin,Mann,caitlin.mann@hotmail.com,225-886-1747,,,,,,,,,,,
,,Doris,Giles,doris.giles@aol.com,308-666-7569,,,,,,,,,,,
,,Barbra,Hobbs,barbra.hobbs@outlook.com,236-666-5502,,,,,,,,,,,
,,Hung,Witt,hung.witt@apple.com,479-636-8265,,,,,,,,,,,
,,Adele,Scott,adele.scott@yahoo.com,207-661-8706,,,,,,,,,,,
,,Stella,Guy,stella.guy@btinternet.com,210-990-9956,,,,,,,,,,,
,,Clement,Lancaster,clement.lancaster@charter.net,406-298-8084,,,,,,,,,,,
,,Rosetta,Decker,rosetta.decker@bp.com,252-964-7255,,,,,,,,,,,
,,Caleb,Poole,caleb.poole@hotmail.com,212-282-7388,,,,,,,,,,,
,,Dudley,Elliott,dudley.elliott@yahoo.com,217-293-4309,,,,,,,,,,,
,,Barbara,Palmer,barbara.palmer@yahoo.com,225-544-2407,,,,,,,,,,,
,,Alana,Henderson,alana.henderson@gmail.com,701-366-9793,,,,,,,,,,,
,,Hazel,Case,hazel.case@aol.com,228-989-5956,,,,,,,,,,,
,,Erich,Lyons,erich.lyons@gmail.com,303-271-1917,,,,,,,,,,,
,,Elise,Zimmerman,elise.zimmerman@gmail.com,215-954-2885,,,,,,,,,,,
,,Mauro,Fernandez,mauro.fernandez@gmail.com,423-250-3418,,,,,,,,,,,
,,Luisa,Mcintyre,luisa.mcintyre@outlook.com,316-947-5074,,,,,,,,,,,
,,Duane,Lowery,duane.lowery@aol.com,202-744-6568,,,,,,,,,,,
,,Weldon,Hyde,weldon.hyde@gmail.com,210-906-6433,,,,,,,,,,,
,,Ilene,Head,ilene.head@apple.com,218-848-8169,,,,,,,,,,,
,,Phil,Montgomery,phil.montgomery@btinternet.com,503-244-7905,,,,,,,,,,,
,,Jonas,Underwood,jonas.underwood@exxonmobil.com,479-958-4553,,,,,,,,,,,
,,Benita,Mcgee,benita.mcgee@hotmail.com,405-902-2464,,,,,,,,,,,
,,Rochelle,Guerrero,rochelle.guerrero@gmail.com,229-820-6585,,,,,,,,,,,
,,Terra,Webb,terra.webb@gmail.com,216-696-0115,,,,,,,,,,,
,,Buford,Zimmerman,buford.zimmerman@yahoo.ca,210-683-4660,,,,,,,,,,,
,,Emanuel,Nichols,emanuel.nichols@hotmail.co.uk,228-269-2893,,,,,,,,,,,
,,Cheryl,French,cheryl.french@aol.com,203-248-3705,,,,,,,,,,,
,,Theodore,Dale,theodore.dale@exxonmobil.com,217-241-9866,,,,,,,,,,,
,,Ginger,Palmer,ginger.palmer@btinternet.com,505-316-8178,,,,,,,,,,,
,,Lilian,Stein,lilian.stein@aol.com,239-558-2134,,,,,,,,,,,
,,Gilbert,Luna,gilbert.luna@microsoft.com,216-441-7069,,,,,,,,,,,
,,Waldo,Wright,waldo.wright@bp.com,252-444-7824,,,,,,,,,,,
,,Tommie,Cunningham,tommie.cunningham@btinternet.com,303-578-8897,,,,,,,,,,,
,,George,Potts,george.potts@msn.com,228-447-7099,,,,,,,,,,,
,,Graham,Hutchinson,graham.hutchinson@microsoft.com,216-832-6715,,,,,,,,,,,
,,Ophelia,Pena,ophelia.pena@gmail.com,229-494-7152,,,,,,,,,,,
,,Lon,Harper,lon.harper@aol.com,316-912-3105,,,,,,,,,,,
,,Irvin,Witt,irvin.witt@gmail.com,479-538-7205,,,,,,,,,,,
,,Sheri,Spears,sheri.spears@yahoo.com,304-279-5182,,,,,,,,,,,
,,Alberta,Page,alberta.page@hotmail.com,207-407-3515,,,,,,,,,,,
,,Kerri,Santos,kerri.santos@yahoo.com,479-892-9591,,,,,,,,,,,
,,Olin,Case,olin.case@hotmail.com,308-857-4365,,,,,,,,,,,
,,Stefan,Jacobs,stefan.jacobs@cox.net,236-864-7510,,,,,,,,,,,
,,Cody,Allison,cody.allison@gmail.com,209-221-5075,,,,,,,,,,,
,,Bonnie,Baker,bonnie.baker@bp.com,262-696-9171,,,,,,,,,,,
,,Luke,Turner,luke.turner@charter.net,231-629-0498,,,,,,,,,,,
,,Eva,Holman,eva.holman@hotmail.com,209-912-6705,,,,,,,,,,,
,,Maritza,Christian,maritza.christian@microsoft.com,203-224-9056,,,,,,,,,,,
,,Phyllis,Dudley,phyllis.dudley@yahoo.co.in,405-970-2341,,,,,,,,,,,
